timestamp_ms,mid_price,spread,cancel_rate,imbalance,bid_p1,bid_s1,bid_p2,bid_s2,bid_p3,bid_s3,bid_p4,bid_s4,bid_p5,bid_s5,ask_p1,ask_s1,ask_p2,ask_s2,ask_p3,ask_s3,ask_p4,ask_s4,ask_p5,ask_s5,true_label
1704067200748,99.9524,0.06,0.1279,-0.5276,99.92,82.0,99.91,8.0,99.9,54.0,99.89,23.0,99.88,60.0,99.98,105.0,99.99,513.0,100.0,30.0,100.01,48.0,100.02,38.0,none
1704067201118,99.9615,0.06,0.1733,-0.0096,99.93,11.0,99.92,28.0,99.91,130.0,99.9,113.0,99.89,28.0,99.99,90.0,100.0,52.0,100.01,35.0,100.02,69.0,100.03,70.0,none
1704067203074,99.9514,0.05,0.4618,0.442,99.93,1013.0,99.92,28.0,99.91,40.0,99.9,73.0,99.89,27.0,99.98,28.0,99.99,56.0,100.0,28.0,100.01,145.0,100.02,200.0,spoofing
1704067204948,99.9692,0.02,0.0754,-0.1002,99.96,89.0,99.95,12.0,99.94,156.0,99.93,161.0,99.92,13.0,99.98,34.0,99.99,245.0,100.0,117.0,100.01,79.0,100.02,52.0,none
1704067206002,99.9396,0.06,0.1404,-0.0875,99.91,31.0,99.9,29.0,99.89,11.0,99.88,247.0,99.87,26.0,99.97,53.0,99.98,50.0,99.99,122.0,100.0,82.0,100.01,103.0,none
1704067207313,99.9495,0.02,0.1,0.1892,99.94,193.0,99.93,11.0,99.92,114.0,99.91,17.0,99.9,61.0,99.96,67.0,99.97,26.0,99.98,56.0,99.99,59.0,100.0,62.0,none
1704067207789,99.9229,0.05,0.0779,-0.0538,99.9,57.0,99.89,99.0,99.88,45.0,99.87,75.0,99.86,67.0,99.95,34.0,99.96,28.0,99.97,73.0,99.98,133.0,99.99,114.0,none
1704067209726,99.9564,0.07,0.1197,-0.5915,99.92,45.0,99.91,105.0,99.9,13.0,99.89,9.0,99.88,10.0,99.99,171.0,100.0,89.0,100.01,90.0,100.02,296.0,100.03,63.0,none
1704067211132,99.9863,0.03,0.1317,-0.2005,99.97,100.0,99.96,38.0,99.95,29.0,99.94,110.0,99.93,44.0,100.0,30.0,100.01,78.0,100.02,98.0,100.03,94.0,100.04,182.0,none
1704067211864,100.0215,0.03,0.1056,0.0127,100.01,133.0,100.0,24.0,99.99,66.0,99.98,220.0,99.97,75.0,100.04,33.0,100.05,61.0,100.06,229.0,100.07,104.0,100.08,78.0,none
1704067212891,100.006,0.02,0.0844,-0.1774,100.0,59.0,99.99,26.0,99.98,106.0,99.97,134.0,99.96,53.0,100.02,25.0,100.03,42.0,100.04,132.0,100.05,140.0,100.06,202.0,none
1704067214376,99.985,0.07,0.0835,0.0815,99.95,96.0,99.94,52.0,99.93,111.0,99.92,34.0,99.91,32.0,100.02,22.0,100.03,60.0,100.04,108.0,100.05,59.0,100.06,27.0,none
1704067216343,99.9919,0.04,0.0767,0.075,99.97,131.0,99.96,25.0,99.95,42.0,99.94,68.0,99.93,78.0,100.01,89.0,100.02,43.0,100.03,44.0,100.04,77.0,100.05,43.0,none
1704067218167,99.9414,0.05,0.0696,-0.1612,99.92,82.0,99.91,46.0,99.9,27.0,99.89,37.0,99.88,11.0,99.97,18.0,99.98,62.0,99.99,22.0,100.0,70.0,100.01,109.0,none
1704067219558,99.9249,0.02,0.0353,0.1144,99.91,49.0,99.9,63.0,99.89,73.0,99.88,43.0,99.87,113.0,99.93,60.0,99.94,49.0,99.95,52.0,99.96,32.0,99.97,78.0,none
1704067219900,99.9102,0.04,0.1066,0.3728,99.89,8.0,99.88,82.0,99.87,37.0,99.86,212.0,99.85,9.0,99.93,24.0,99.94,54.0,99.95,31.0,99.96,19.0,99.97,31.0,none
1704067220441,99.9145,0.07,0.209,-0.2968,99.88,56.0,99.87,30.0,99.86,123.0,99.85,91.0,99.84,59.0,99.95,49.0,99.96,51.0,99.97,148.0,99.98,251.0,99.99,163.0,none
1704067220706,99.9177,0.04,0.0874,-0.245,99.9,9.0,99.89,40.0,99.88,74.0,99.87,54.0,99.86,48.0,99.94,31.0,99.95,189.0,99.96,25.0,99.97,53.0,99.98,73.0,none
1704067220917,99.9429,0.05,0.0703,0.4694,99.92,187.0,99.91,132.0,99.9,164.0,99.89,30.0,99.88,27.0,99.97,24.0,99.98,84.0,99.99,26.0,100.0,9.0,100.01,52.0,none
1704067222904,99.9905,0.04,0.1707,0.0045,99.97,55.0,99.96,78.0,99.95,15.0,99.94,38.0,99.93,36.0,100.01,15.0,100.02,48.0,100.03,43.0,100.04,23.0,100.05,91.0,none
1704067223815,100.0039,0.02,0.1895,0.0541,99.99,16.0,99.98,82.0,99.97,55.0,99.96,45.0,99.95,65.0,100.01,39.0,100.02,10.0,100.03,57.0,100.04,46.0,100.05,84.0,wash_trading
1704067224746,99.9191,0.02,0.3551,0.3038,99.91,2102.0,99.9,117.0,99.89,117.0,99.88,69.0,99.87,37.0,99.93,139.0,99.94,918.0,99.95,106.0,99.96,130.0,99.97,11.0,spoofing
1704067225237,99.9268,0.05,0.076,0.5725,99.9,23.0,99.89,59.0,99.88,662.0,99.87,17.0,99.86,41.0,99.95,88.0,99.96,47.0,99.97,39.0,99.98,6.0,99.99,38.0,none
1704067226161,99.9297,0.06,0.0731,-0.1758,99.9,96.0,99.89,38.0,99.88,44.0,99.87,98.0,99.86,71.0,99.96,46.0,99.97,243.0,99.98,165.0,99.99,20.0,100.0,21.0,wash_trading
1704067228136,99.8934,0.06,0.0368,0.1162,99.86,102.0,99.85,192.0,99.84,152.0,99.83,34.0,99.82,178.0,99.92,70.0,99.93,99.0,99.94,292.0,99.95,29.0,99.96,31.0,none
1704067228979,99.8739,0.03,0.2818,0.7527,99.86,1835.0,99.85,42.0,99.84,42.0,99.83,43.0,99.82,51.0,99.89,43.0,99.9,21.0,99.91,28.0,99.92,104.0,99.93,88.0,spoofing
1704067230131,99.8526,0.02,0.3357,0.6782,99.84,2252.0,99.83,15.0,99.82,76.0,99.81,228.0,99.8,21.0,99.86,65.0,99.87,197.0,99.88,23.0,99.89,129.0,99.9,83.0,spoofing
1704067230944,99.8272,0.03,0.0668,-0.1282,99.81,36.0,99.8,23.0,99.79,104.0,99.78,132.0,99.77,62.0,99.84,35.0,99.85,31.0,99.86,49.0,99.87,280.0,99.88,67.0,none
1704067232607,99.7901,0.06,0.1237,0.2268,99.76,130.0,99.75,63.0,99.74,74.0,99.73,45.0,99.72,64.0,99.82,32.0,99.83,35.0,99.84,106.0,99.85,41.0,99.86,23.0,none
1704067232931,99.8068,0.08,0.0382,0.4616,99.77,46.0,99.76,297.0,99.75,90.0,99.74,95.0,99.73,15.0,99.85,19.0,99.86,33.0,99.87,17.0,99.88,26.0,99.89,105.0,none
1704067234780,99.7704,0.04,0.0899,0.2183,99.75,102.0,99.74,42.0,99.73,140.0,99.72,36.0,99.71,12.0,99.79,46.0,99.8,41.0,99.81,54.0,99.82,44.0,99.83,28.0,none
1704067236780,99.7968,0.03,0.0772,-0.525,99.78,66.0,99.77,23.0,99.76,14.0,99.75,89.0,99.74,103.0,99.81,47.0,99.82,455.0,99.83,130.0,99.84,250.0,99.85,65.0,none
1704067237340,99.7853,0.07,0.0934,0.2404,99.75,289.0,99.74,302.0,99.73,291.0,99.72,307.0,99.71,310.0,99.82,66.0,99.83,50.0,99.84,45.0,99.85,9.0,99.86,748.0,layering
1704067238420,99.7863,0.06,0.1609,0.0178,99.76,20.0,99.75,202.0,99.74,48.0,99.73,177.0,99.72,69.0,99.82,189.0,99.83,30.0,99.84,89.0,99.85,142.0,99.86,48.0,none
1704067239551,99.7824,0.02,0.2799,0.6985,99.77,1338.0,99.76,91.0,99.75,30.0,99.74,134.0,99.73,63.0,99.79,21.0,99.8,136.0,99.81,18.0,99.82,78.0,99.83,41.0,spoofing
1704067240899,99.8171,0.04,0.1132,0.1738,99.8,70.0,99.79,20.0,99.78,85.0,99.77,19.0,99.76,39.0,99.84,28.0,99.85,62.0,99.86,9.0,99.87,14.0,99.88,51.0,none
1704067241784,99.7948,0.07,0.1177,-0.0588,99.76,71.0,99.75,7.0,99.74,48.0,99.73,173.0,99.72,13.0,99.83,17.0,99.84,74.0,99.85,63.0,99.86,46.0,99.87,151.0,wash_trading
1704067243242,99.8249,0.05,0.0346,-0.1946,99.8,11.0,99.79,128.0,99.78,53.0,99.77,213.0,99.76,11.0,99.85,40.0,99.86,56.0,99.87,131.0,99.88,280.0,99.89,110.0,wash_trading
1704067244285,99.8478,0.07,0.3328,0.6985,99.81,1528.0,99.8,108.0,99.79,64.0,99.78,26.0,99.77,15.0,99.88,70.0,99.89,42.0,99.9,57.0,99.91,63.0,99.92,77.0,spoofing
1704067245809,99.8475,0.06,0.2763,0.3563,99.82,14.0,99.81,152.0,99.8,171.0,99.79,25.0,99.78,51.0,99.88,23.0,99.89,13.0,99.9,62.0,99.91,47.0,99.92,51.0,none
1704067246397,99.8642,0.03,0.0876,0.2536,99.85,262.0,99.84,268.0,99.83,261.0,99.82,290.0,99.81,256.0,99.88,14.0,99.89,124.0,99.9,43.0,99.91,347.0,99.92,268.0,layering
1704067247270,99.8898,0.02,0.0585,0.7237,99.88,206.0,99.87,260.0,99.86,228.0,99.85,195.0,99.84,209.0,99.9,27.0,99.91,6.0,99.92,17.0,99.93,70.0,99.94,56.0,layering
1704067248576,99.8929,0.04,0.0399,-0.16,99.87,37.0,99.86,22.0,99.85,35.0,99.84,93.0,99.83,107.0,99.91,173.0,99.92,33.0,99.93,25.0,99.94,127.0,99.95,48.0,none
1704067249616,99.8809,0.02,0.093,0.0198,99.87,37.0,99.86,153.0,99.85,99.0,99.84,120.0,99.83,29.0,99.89,70.0,99.9,93.0,99.91,107.0,99.92,119.0,99.93,32.0,none
1704067250185,99.8877,0.02,0.0408,0.3087,99.88,21.0,99.87,173.0,99.86,16.0,99.85,21.0,99.84,106.0,99.9,37.0,99.91,43.0,99.92,35.0,99.93,40.0,99.94,23.0,none
1704067251971,99.8652,0.05,0.0426,-0.2614,99.84,10.0,99.83,43.0,99.82,19.0,99.81,17.0,99.8,106.0,99.89,45.0,99.9,113.0,99.91,98.0,99.92,46.0,99.93,31.0,none
1704067252289,99.8664,0.03,0.1496,0.2,99.85,56.0,99.84,19.0,99.83,55.0,99.82,117.0,99.81,41.0,99.88,33.0,99.89,27.0,99.9,19.0,99.91,54.0,99.92,59.0,none
1704067253645,99.8586,0.06,0.067,0.2385,99.83,31.0,99.82,42.0,99.81,19.0,99.8,146.0,99.79,180.0,99.89,12.0,99.9,49.0,99.91,105.0,99.92,74.0,99.93,17.0,none
1704067255276,99.9152,0.05,0.123,0.1755,99.89,20.0,99.88,157.0,99.87,106.0,99.86,175.0,99.85,21.0,99.94,34.0,99.95,165.0,99.96,9.0,99.97,80.0,99.98,48.0,none
1704067255846,99.8785,0.05,0.0614,-0.1802,99.85,17.0,99.84,111.0,99.83,65.0,99.82,49.0,99.81,90.0,99.9,86.0,99.91,29.0,99.92,92.0,99.93,123.0,99.94,148.0,none
1704067257746,99.8873,0.08,0.1321,0.0245,99.85,94.0,99.84,158.0,99.83,31.0,99.82,26.0,99.81,47.0,99.93,116.0,99.94,60.0,99.95,96.0,99.96,42.0,99.97,25.0,none
1704067259319,99.9014,0.04,0.0308,0.411,99.88,122.0,99.87,108.0,99.86,41.0,99.85,100.0,99.84,53.0,99.92,25.0,99.93,39.0,99.94,31.0,99.95,16.0,99.96,66.0,none
1704067259575,99.8931,0.05,0.1444,-0.1699,99.87,55.0,99.86,10.0,99.85,7.0,99.84,33.0,99.83,44.0,99.92,12.0,99.93,64.0,99.94,41.0,99.95,42.0,99.96,51.0,none
1704067261106,99.9089,0.07,0.0659,0.1809,99.87,26.0,99.86,24.0,99.85,143.0,99.84,70.0,99.83,158.0,99.94,91.0,99.95,35.0,99.96,78.0,99.97,19.0,99.98,69.0,wash_trading
1704067261481,99.9251,0.05,0.0638,0.3989,99.9,63.0,99.89,216.0,99.88,46.0,99.87,69.0,99.86,104.0,99.95,103.0,99.96,34.0,99.97,19.0,99.98,25.0,99.99,33.0,none
1704067261931,99.9278,0.04,0.0486,0.1373,99.91,26.0,99.9,17.0,99.89,22.0,99.88,205.0,99.87,20.0,99.95,56.0,99.96,46.0,99.97,18.0,99.98,69.0,99.99,31.0,none
1704067263708,99.964,0.02,0.1434,-0.1289,99.95,109.0,99.94,45.0,99.93,55.0,99.92,37.0,99.91,65.0,99.97,21.0,99.98,25.0,99.99,71.0,100.0,143.0,100.01,143.0,none
1704067264422,99.9611,0.04,0.0723,0.0641,99.94,31.0,99.93,287.0,99.92,22.0,99.91,103.0,99.9,238.0,99.98,103.0,99.99,33.0,100.0,352.0,100.01,44.0,100.02,67.0,none
1704067265726,100.0504,0.02,0.0605,0.7022,100.04,462.0,100.03,450.0,100.02,461.0,100.01,445.0,100.0,457.0,100.06,38.0,100.07,78.0,100.08,222.0,100.09,38.0,100.1,22.0,layering
1704067266659,100.0088,0.04,0.2343,-0.4202,99.99,92.0,99.98,45.0,99.97,72.0,99.96,63.0,99.95,73.0,100.03,126.0,100.04,119.0,100.05,115.0,100.06,175.0,100.07,310.0,none
1704067266858,100.0019,0.04,0.0422,-0.0397,99.98,107.0,99.97,53.0,99.96,43.0,99.95,125.0,99.94,47.0,100.02,45.0,100.03,141.0,100.04,55.0,100.05,84.0,100.06,81.0,none
1704067267518,100.0029,0.06,0.0189,0.2222,99.97,14.0,99.96,50.0,99.95,60.0,99.94,29.0,99.93,78.0,100.03,56.0,100.04,29.0,100.05,21.0,100.06,17.0,100.07,24.0,none
1704067268360,100.0111,0.02,0.2616,-0.4959,100.0,18.0,99.99,10.0,99.98,53.0,99.97,35.0,99.96,36.0,100.02,293.0,100.03,12.0,100.04,22.0,100.05,99.0,100.06,25.0,none
1704067270260,100.0352,0.03,0.0851,0.05,100.02,87.0,100.01,104.0,100.0,81.0,99.99,51.0,99.98,34.0,100.05,83.0,100.06,106.0,100.07,47.0,100.08,65.0,100.09,22.0,none
1704067271375,100.0745,0.05,0.0533,-0.0831,100.05,24.0,100.04,20.0,100.03,58.0,100.02,75.0,100.01,16.0,100.1,83.0,100.11,21.0,100.12,47.0,100.13,52.0,100.14,25.0,none
1704067272079,100.0447,0.02,0.1352,-0.0667,100.03,43.0,100.02,61.0,100.01,26.0,100.0,17.0,99.99,63.0,100.05,108.0,100.06,37.0,100.07,29.0,100.08,44.0,100.09,22.0,none
1704067274042,100.0683,0.06,0.0516,-0.0819,100.04,29.0,100.03,67.0,100.02,33.0,100.01,80.0,100.0,88.0,100.1,40.0,100.11,63.0,100.12,118.0,100.13,74.0,100.14,55.0,none
1704067274700,100.0424,0.05,0.1217,0.1425,100.02,31.0,100.01,76.0,100.0,217.0,99.99,49.0,99.98,152.0,100.07,39.0,100.08,140.0,100.09,47.0,100.1,134.0,100.11,34.0,none
1704067276229,100.0262,0.03,0.1354,0.284,100.01,23.0,100.0,37.0,99.99,104.0,99.98,264.0,99.97,101.0,100.04,69.0,100.05,56.0,100.06,49.0,100.07,105.0,100.08,16.0,none
1704067276455,100.0034,0.02,0.1025,0.3112,99.99,151.0,99.98,75.0,99.97,88.0,99.96,79.0,99.95,41.0,100.01,46.0,100.02,24.0,100.03,70.0,100.04,35.0,100.05,53.0,none
1704067276853,100.0841,0.02,0.0975,0.1425,100.07,94.0,100.06,236.0,100.05,71.0,100.04,75.0,100.03,49.0,100.09,96.0,100.1,73.0,100.11,50.0,100.12,46.0,100.13,129.0,none
1704067277488,100.075,0.05,0.0974,-0.0261,100.05,153.0,100.04,83.0,100.03,74.0,100.02,41.0,100.01,22.0,100.1,111.0,100.11,17.0,100.12,26.0,100.13,35.0,100.14,204.0,none
1704067278545,100.0675,0.04,0.0781,-0.1603,100.05,20.0,100.04,51.0,100.03,55.0,100.02,162.0,100.01,29.0,100.09,121.0,100.1,47.0,100.11,30.0,100.12,142.0,100.13,98.0,none
1704067279435,100.0669,0.03,0.0676,0.3828,100.05,37.0,100.04,392.0,100.03,41.0,100.02,62.0,100.01,129.0,100.08,167.0,100.09,48.0,100.1,24.0,100.11,48.0,100.12,8.0,none
1704067280966,100.0344,0.05,0.29,0.2583,100.01,27.0,100.0,18.0,99.99,35.0,99.98,83.0,99.97,27.0,100.06,36.0,100.07,9.0,100.08,17.0,100.09,33.0,100.1,17.0,none
1704067282428,100.0627,0.06,0.6301,0.3734,100.03,1082.0,100.02,73.0,100.01,89.0,100.0,42.0,99.99,16.0,100.09,79.0,100.1,34.0,100.11,401.0,100.12,54.0,100.13,26.0,spoofing
1704067282917,100.0833,0.04,0.0415,0.7439,100.06,433.0,100.05,421.0,100.04,414.0,100.03,410.0,100.02,433.0,100.1,19.0,100.11,99.0,100.12,54.0,100.13,103.0,100.14,35.0,layering
1704067284423,100.0837,0.02,0.0634,-0.0958,100.07,79.0,100.06,71.0,100.05,72.0,100.04,38.0,100.03,23.0,100.09,101.0,100.1,79.0,100.11,123.0,100.12,18.0,100.13,22.0,none
1704067285197,100.133,0.04,0.076,0.1463,100.11,142.0,100.1,53.0,100.09,86.0,100.08,29.0,100.07,160.0,100.15,113.0,100.16,95.0,100.17,46.0,100.18,67.0,100.19,29.0,none
1704067286584,100.1147,0.05,0.1542,0.2671,100.09,140.0,100.08,151.0,100.07,50.0,100.06,68.0,100.05,44.0,100.14,94.0,100.15,16.0,100.16,70.0,100.17,35.0,100.18,47.0,none
1704067286823,100.0862,0.03,0.1399,0.1901,100.07,93.0,100.06,249.0,100.05,188.0,100.04,254.0,100.03,83.0,100.1,253.0,100.11,120.0,100.12,46.0,100.13,88.0,100.14,83.0,none
1704067287732,100.0429,0.02,0.101,0.1805,100.03,11.0,100.02,175.0,100.01,331.0,100.0,87.0,99.99,135.0,100.05,6.0,100.06,109.0,100.07,198.0,100.08,184.0,100.09,16.0,none
1704067289367,100.092,0.02,0.202,-0.0755,100.08,92.0,100.07,62.0,100.06,19.0,100.05,44.0,100.04,40.0,100.1,143.0,100.11,38.0,100.12,20.0,100.13,27.0,100.14,71.0,none
1704067289590,100.0762,0.03,0.2647,0.6146,100.06,1645.0,100.05,46.0,100.04,164.0,100.03,38.0,100.02,26.0,100.09,148.0,100.1,46.0,100.11,105.0,100.12,87.0,100.13,72.0,spoofing
1704067289783,100.0776,0.03,0.0398,0.1731,100.06,367.0,100.05,47.0,100.04,57.0,100.03,108.0,100.02,41.0,100.09,15.0,100.1,97.0,100.11,211.0,100.12,40.0,100.13,74.0,none
1704067290471,100.1111,0.06,0.0475,-0.2159,100.08,45.0,100.07,77.0,100.06,33.0,100.05,30.0,100.04,51.0,100.14,66.0,100.15,125.0,100.16,93.0,100.17,34.0,100.18,48.0,none
1704067292337,100.0948,0.07,0.059,-0.0405,100.06,22.0,100.05,36.0,100.04,47.0,100.03,43.0,100.02,101.0,100.13,75.0,100.14,59.0,100.15,35.0,100.16,67.0,100.17,34.0,none
1704067292989,100.1254,0.07,0.0963,-0.0485,100.09,37.0,100.08,45.0,100.07,68.0,100.06,93.0,100.05,110.0,100.16,36.0,100.17,172.0,100.18,104.0,100.19,21.0,100.2,56.0,none
1704067293183,100.1099,0.04,0.1424,0.6469,100.09,616.0,100.08,592.0,100.07,591.0,100.06,591.0,100.05,595.0,100.13,251.0,100.14,138.0,100.15,35.0,100.16,15.0,100.17,201.0,layering
1704067294494,100.142,0.06,0.0589,0.1826,100.11,111.0,100.1,53.0,100.09,36.0,100.08,49.0,100.07,10.0,100.17,70.0,100.18,47.0,100.19,18.0,100.2,22.0,100.21,22.0,none
1704067294902,100.1071,0.05,0.3678,-0.1539,100.08,118.0,100.07,161.0,100.06,14.0,100.05,52.0,100.04,70.0,100.13,151.0,100.14,34.0,100.15,25.0,100.16,130.0,100.17,226.0,wash_trading
1704067295566,100.1276,0.02,0.0592,0.0102,100.12,43.0,100.11,40.0,100.1,66.0,100.09,52.0,100.08,144.0,100.14,52.0,100.15,15.0,100.16,131.0,100.17,127.0,100.18,13.0,none
1704067296694,100.1085,0.02,0.4155,0.7148,100.1,2019.0,100.09,114.0,100.08,64.0,100.07,84.0,100.06,64.0,100.12,167.0,100.13,76.0,100.14,68.0,100.15,25.0,100.16,54.0,spoofing
1704067298277,100.1133,0.02,0.1071,-0.4564,100.1,24.0,100.09,64.0,100.08,42.0,100.07,21.0,100.06,11.0,100.12,61.0,100.13,18.0,100.14,68.0,100.15,28.0,100.16,259.0,none
1704067300149,100.1566,0.04,0.0472,-0.2125,100.14,36.0,100.13,27.0,100.12,73.0,100.11,166.0,100.1,89.0,100.18,99.0,100.19,93.0,100.2,71.0,100.21,22.0,100.22,317.0,none
1704067301002,100.1613,0.06,0.3622,0.676,100.13,1321.0,100.12,173.0,100.11,30.0,100.1,66.0,100.09,148.0,100.19,97.0,100.2,66.0,100.21,25.0,100.22,70.0,100.23,78.0,spoofing
1704067301842,100.1755,0.03,0.0868,0.0033,100.16,90.0,100.15,10.0,100.14,146.0,100.13,25.0,100.12,36.0,100.19,65.0,100.2,51.0,100.21,86.0,100.22,60.0,100.23,43.0,none
1704067302607,100.1567,0.05,0.0543,0.511,100.13,220.0,100.12,76.0,100.11,408.0,100.1,65.0,100.09,90.0,100.18,65.0,100.19,120.0,100.2,23.0,100.21,48.0,100.22,22.0,none
1704067304371,100.1366,0.07,0.1519,-0.0605,100.1,96.0,100.09,67.0,100.08,41.0,100.07,10.0,100.06,50.0,100.17,89.0,100.18,101.0,100.19,53.0,100.2,16.0,100.21,39.0,none
1704067305244,100.1585,0.04,0.0381,0.6496,100.14,424.0,100.13,429.0,100.12,431.0,100.11,448.0,100.1,410.0,100.18,132.0,100.19,90.0,100.2,109.0,100.21,32.0,100.22,92.0,layering
1704067305612,100.1729,0.03,0.0884,-0.2457,100.16,42.0,100.15,30.0,100.14,42.0,100.13,76.0,100.12,54.0,100.19,248.0,100.2,27.0,100.21,66.0,100.22,39.0,100.23,23.0,wash_trading
1704067306405,100.2356,0.03,0.1013,0.0913,100.22,21.0,100.21,103.0,100.2,26.0,100.19,113.0,100.18,24.0,100.25,45.0,100.26,50.0,100.27,38.0,100.28,41.0,100.29,65.0,none
1704067306970,100.2155,0.03,0.0561,0.1438,100.2,17.0,100.19,50.0,100.18,170.0,100.17,74.0,100.16,39.0,100.23,16.0,100.24,59.0,100.25,34.0,100.26,77.0,100.27,76.0,none
1704067308529,100.2238,0.04,0.1489,-0.2677,100.2,82.0,100.19,79.0,100.18,33.0,100.17,32.0,100.16,105.0,100.24,81.0,100.25,96.0,100.26,58.0,100.27,133.0,100.28,205.0,none
1704067310329,100.218,0.06,0.0799,0.4267,100.19,152.0,100.18,129.0,100.17,20.0,100.16,185.0,100.15,59.0,100.25,20.0,100.26,20.0,100.27,21.0,100.28,88.0,100.29,70.0,none
1704067310671,100.1897,0.06,0.2059,-0.4763,100.16,106.0,100.15,49.0,100.14,21.0,100.13,45.0,100.12,44.0,100.22,241.0,100.23,56.0,100.24,20.0,100.25,160.0,100.26,270.0,none
1704067311127,100.1998,0.06,0.0434,0.0215,100.17,54.0,100.16,80.0,100.15,82.0,100.14,98.0,100.13,113.0,100.23,33.0,100.24,138.0,100.25,170.0,100.26,29.0,100.27,39.0,wash_trading
1704067311645,100.2016,0.02,0.1374,0.1099,100.19,69.0,100.18,52.0,100.17,26.0,100.16,143.0,100.15,104.0,100.21,39.0,100.22,35.0,100.23,25.0,100.24,160.0,100.25,57.0,none
1704067312728,100.1947,0.03,0.1308,0.2949,100.18,83.0,100.17,149.0,100.16,19.0,100.15,51.0,100.14,293.0,100.21,49.0,100.22,40.0,100.23,84.0,100.24,46.0,100.25,105.0,none
1704067313827,100.2061,0.03,0.0537,-0.204,100.19,20.0,100.18,7.0,100.17,86.0,100.16,148.0,100.15,61.0,100.22,105.0,100.23,96.0,100.24,195.0,100.25,75.0,100.26,16.0,none
1704067315063,100.2321,0.12,0.0854,0.0084,100.17,106.0,100.16,27.0,100.15,65.0,100.14,140.0,100.13,80.0,100.29,28.0,100.3,30.0,100.31,102.0,100.32,213.0,100.33,38.0,none
1704067316960,100.2403,0.04,0.1681,-0.1558,100.22,69.0,100.21,90.0,100.2,8.0,100.19,93.0,100.18,84.0,100.26,245.0,100.27,50.0,100.28,90.0,100.29,63.0,100.3,23.0,none
1704067317127,100.2641,0.05,0.2273,-0.1419,100.24,86.0,100.23,194.0,100.22,84.0,100.21,31.0,100.2,119.0,100.29,136.0,100.3,62.0,100.31,89.0,100.32,108.0,100.33,289.0,none
1704067317650,100.2454,0.02,0.0332,-0.2357,100.24,11.0,100.23,80.0,100.22,45.0,100.21,11.0,100.2,20.0,100.26,52.0,100.27,42.0,100.28,67.0,100.29,34.0,100.3,75.0,none
1704067317801,100.2867,0.02,0.1211,0.0436,100.28,53.0,100.27,42.0,100.26,77.0,100.25,109.0,100.24,54.0,100.3,55.0,100.31,24.0,100.32,58.0,100.33,70.0,100.34,100.0,none
1704067319131,100.3056,0.07,0.0584,-0.0523,100.27,109.0,100.26,42.0,100.25,29.0,100.24,70.0,100.23,13.0,100.34,39.0,100.35,84.0,100.36,32.0,100.37,91.0,100.38,46.0,none
1704067319477,100.3229,0.06,0.3425,0.507,100.29,893.0,100.28,18.0,100.27,35.0,100.26,41.0,100.25,34.0,100.35,135.0,100.36,54.0,100.37,93.0,100.38,20.0,100.39,32.0,spoofing
1704067319817,100.3261,0.03,0.1324,-0.0744,100.31,15.0,100.3,56.0,100.29,51.0,100.28,44.0,100.27,282.0,100.34,43.0,100.35,65.0,100.36,278.0,100.37,52.0,100.38,82.0,none
1704067321070,100.3014,0.02,0.0372,-0.2731,100.29,21.0,100.28,31.0,100.27,59.0,100.26,14.0,100.25,32.0,100.31,119.0,100.32,35.0,100.33,65.0,100.34,35.0,100.35,21.0,none
1704067321758,100.3173,0.04,0.3051,0.4477,100.3,55.0,100.29,32.0,100.28,87.0,100.27,123.0,100.26,243.0,100.34,36.0,100.35,17.0,100.36,28.0,100.37,91.0,100.38,34.0,none
1704067323517,100.3093,0.04,0.1186,0.4112,100.29,16.0,100.28,325.0,100.27,48.0,100.26,76.0,100.25,230.0,100.33,49.0,100.34,39.0,100.35,48.0,100.36,41.0,100.37,113.0,wash_trading
1704067323949,100.2818,0.04,0.0432,-0.6439,100.26,30.0,100.25,34.0,100.24,31.0,100.23,49.0,100.22,20.0,100.3,239.0,100.31,31.0,100.32,30.0,100.33,25.0,100.34,432.0,none
1704067324076,100.2914,0.05,0.0991,-0.1149,100.27,100.0,100.26,23.0,100.25,30.0,100.24,145.0,100.23,64.0,100.32,16.0,100.33,20.0,100.34,191.0,100.35,9.0,100.36,220.0,none
1704067325354,100.2879,0.02,0.0836,0.1522,100.28,52.0,100.27,60.0,100.26,62.0,100.25,47.0,100.24,150.0,100.3,53.0,100.31,83.0,100.32,23.0,100.33,80.0,100.34,34.0,none
1704067326412,100.2848,0.03,0.1296,0.4927,100.27,30.0,100.26,21.0,100.25,221.0,100.24,63.0,100.23,21.0,100.3,18.0,100.31,28.0,100.32,18.0,100.33,2.0,100.34,55.0,none
1704067327113,100.2729,0.06,0.1366,0.0471,100.24,171.0,100.23,42.0,100.22,63.0,100.21,60.0,100.2,31.0,100.3,55.0,100.31,72.0,100.32,145.0,100.33,38.0,100.34,24.0,none
1704067328525,100.3107,0.02,0.1072,-0.2278,100.3,67.0,100.29,66.0,100.28,15.0,100.27,77.0,100.26,19.0,100.32,69.0,100.33,25.0,100.34,234.0,100.35,38.0,100.36,22.0,none
1704067329623,100.3068,0.02,0.0703,0.224,100.3,61.0,100.29,75.0,100.28,162.0,100.27,114.0,100.26,47.0,100.32,14.0,100.33,38.0,100.34,91.0,100.35,74.0,100.36,74.0,none
1704067330539,100.2569,0.03,0.1897,-0.0682,100.24,151.0,100.23,19.0,100.22,74.0,100.21,108.0,100.2,58.0,100.27,25.0,100.28,29.0,100.29,61.0,100.3,277.0,100.31,78.0,none
1704067330719,100.1963,0.05,0.0656,0.3153,100.17,49.0,100.16,25.0,100.15,67.0,100.14,36.0,100.13,382.0,100.22,83.0,100.23,19.0,100.24,81.0,100.25,33.0,100.26,75.0,none
1704067332005,100.2287,0.02,0.2484,-0.0408,100.22,43.0,100.21,82.0,100.2,34.0,100.19,134.0,100.18,48.0,100.24,78.0,100.25,88.0,100.26,106.0,100.27,87.0,100.28,11.0,wash_trading
1704067332191,100.2419,0.04,0.0921,0.3645,100.22,255.0,100.21,25.0,100.2,77.0,100.19,63.0,100.18,106.0,100.26,69.0,100.27,15.0,100.28,19.0,100.29,54.0,100.3,88.0,none
1704067332719,100.2965,0.05,0.1482,-0.106,100.27,40.0,100.26,182.0,100.25,23.0,100.24,155.0,100.23,51.0,100.32,275.0,100.33,68.0,100.34,72.0,100.35,36.0,100.36,107.0,none
1704067333391,100.3155,0.11,0.0226,-0.3101,100.26,65.0,100.25,192.0,100.24,16.0,100.23,32.0,100.22,22.0,100.37,48.0,100.38,220.0,100.39,113.0,100.4,13.0,100.41,227.0,none
1704067334109,100.2842,0.03,0.0397,-0.2051,100.27,25.0,100.26,89.0,100.25,80.0,100.24,53.0,100.23,98.0,100.3,107.0,100.31,51.0,100.32,183.0,100.33,71.0,100.34,111.0,none
1704067335004,100.276,0.07,0.0729,-0.0217,100.24,110.0,100.23,30.0,100.22,74.0,100.21,32.0,100.2,24.0,100.31,45.0,100.32,141.0,100.33,60.0,100.34,24.0,100.35,12.0,none
1704067336992,100.2584,0.02,0.2035,0.17,100.25,184.0,100.24,38.0,100.23,146.0,100.22,35.0,100.21,10.0,100.27,81.0,100.28,45.0,100.29,61.0,100.3,9.0,100.31,97.0,none
1704067338205,100.2706,0.06,0.0246,-0.378,100.24,32.0,100.23,32.0,100.22,99.0,100.21,26.0,100.2,57.0,100.3,154.0,100.31,49.0,100.32,130.0,100.33,22.0,100.34,190.0,none
1704067340137,100.2381,0.03,0.0659,-0.1975,100.22,67.0,100.21,54.0,100.2,123.0,100.19,52.0,100.18,31.0,100.25,298.0,100.26,73.0,100.27,38.0,100.28,34.0,100.29,45.0,none
1704067340870,100.2699,0.12,0.0798,0.0082,100.21,34.0,100.2,78.0,100.19,109.0,100.18,38.0,100.17,50.0,100.33,34.0,100.34,167.0,100.35,30.0,100.36,57.0,100.37,16.0,wash_trading
1704067342801,100.2713,0.06,0.0818,-0.242,100.24,42.0,100.23,12.0,100.22,40.0,100.21,31.0,100.2,52.0,100.3,33.0,100.31,54.0,100.32,127.0,100.33,23.0,100.34,53.0,none
1704067344486,100.2649,0.02,0.0513,0.4391,100.25,171.0,100.24,37.0,100.23,185.0,100.22,454.0,100.21,28.0,100.27,53.0,100.28,46.0,100.29,36.0,100.3,139.0,100.31,67.0,none
1704067346398,100.2192,0.02,0.4034,0.6541,100.21,1744.0,100.2,18.0,100.19,32.0,100.18,15.0,100.17,94.0,100.23,41.0,100.24,52.0,100.25,99.0,100.26,60.0,100.27,146.0,spoofing
1704067346914,100.2374,0.04,0.0909,0.0683,100.22,7.0,100.21,142.0,100.2,47.0,100.19,156.0,100.18,39.0,100.26,73.0,100.27,63.0,100.28,139.0,100.29,15.0,100.3,51.0,none
1704067348191,100.2462,0.04,0.027,0.1658,100.23,46.0,100.22,24.0,100.21,114.0,100.2,23.0,100.19,25.0,100.27,16.0,100.28,48.0,100.29,82.0,100.3,7.0,100.31,13.0,none
1704067349209,100.2321,0.03,0.0471,0.1856,100.22,109.0,100.21,80.0,100.2,179.0,100.19,77.0,100.18,82.0,100.25,111.0,100.26,44.0,100.27,44.0,100.28,67.0,100.29,96.0,none
1704067349360,100.2611,0.04,0.0377,-0.2251,100.24,112.0,100.23,25.0,100.22,61.0,100.21,92.0,100.2,56.0,100.28,66.0,100.29,113.0,100.3,108.0,100.31,207.0,100.32,53.0,none
1704067350137,100.2749,0.03,0.4172,0.6688,100.26,1031.0,100.25,61.0,100.24,48.0,100.23,16.0,100.22,149.0,100.29,79.0,100.3,9.0,100.31,20.0,100.32,90.0,100.33,61.0,spoofing
1704067351532,100.2755,0.05,0.4381,0.8486,100.25,1886.0,100.24,33.0,100.23,107.0,100.22,94.0,100.21,78.0,100.3,32.0,100.31,48.0,100.32,54.0,100.33,32.0,100.34,14.0,spoofing
1704067353062,100.2184,0.04,0.0211,-0.0215,100.2,42.0,100.19,12.0,100.18,57.0,100.17,211.0,100.16,110.0,100.24,106.0,100.25,118.0,100.26,71.0,100.27,127.0,100.28,29.0,none
1704067353727,100.277,0.03,0.1007,-0.1418,100.26,51.0,100.25,83.0,100.24,14.0,100.23,12.0,100.22,67.0,100.29,42.0,100.3,135.0,100.31,37.0,100.32,38.0,100.33,50.0,none
1704067355207,100.2951,0.02,0.023,-0.1511,100.29,121.0,100.28,40.0,100.27,52.0,100.26,11.0,100.25,231.0,100.31,213.0,100.32,139.0,100.33,51.0,100.34,59.0,100.35,155.0,none
1704067357149,100.2958,0.09,0.0672,0.7526,100.25,567.0,100.24,569.0,100.23,553.0,100.22,576.0,100.21,568.0,100.34,34.0,100.35,177.0,100.36,54.0,100.37,86.0,100.38,49.0,layering
1704067357593,100.29,0.04,0.0631,-0.1894,100.27,108.0,100.26,121.0,100.25,52.0,100.24,124.0,100.23,25.0,100.31,172.0,100.32,197.0,100.33,94.0,100.34,98.0,100.35,70.0,none
1704067358917,100.2825,0.05,0.1017,0.7795,100.26,447.0,100.25,431.0,100.24,430.0,100.23,440.0,100.22,455.0,100.31,38.0,100.32,30.0,100.33,116.0,100.34,33.0,100.35,56.0,layering
1704067359034,100.2722,0.05,0.0498,0.1483,100.25,223.0,100.24,20.0,100.23,45.0,100.22,30.0,100.21,46.0,100.3,16.0,100.31,56.0,100.32,67.0,100.33,91.0,100.34,40.0,none
1704067360862,100.2471,0.06,0.1553,0.1195,100.22,44.0,100.21,126.0,100.2,46.0,100.19,38.0,100.18,41.0,100.28,42.0,100.29,14.0,100.3,82.0,100.31,25.0,100.32,69.0,none
1704067361887,100.2174,0.03,0.0997,-0.5846,100.2,20.0,100.19,14.0,100.18,68.0,100.17,43.0,100.16,92.0,100.23,663.0,100.24,38.0,100.25,51.0,100.26,36.0,100.27,116.0,none
1704067362257,100.201,0.04,0.0452,0.3846,100.18,30.0,100.17,71.0,100.16,45.0,100.15,63.0,100.14,241.0,100.22,19.0,100.23,128.0,100.24,37.0,100.25,5.0,100.26,11.0,none
1704067362417,100.1951,0.03,0.0709,0.0022,100.18,11.0,100.17,65.0,100.16,58.0,100.15,74.0,100.14,23.0,100.21,29.0,100.22,47.0,100.23,129.0,100.24,8.0,100.25,17.0,none
1704067362896,100.1942,0.02,0.0953,0.5494,100.18,71.0,100.17,140.0,100.16,49.0,100.15,154.0,100.14,33.0,100.2,17.0,100.21,27.0,100.22,13.0,100.23,39.0,100.24,34.0,none
1704067363286,100.2037,0.05,0.0387,0.309,100.18,164.0,100.17,17.0,100.16,79.0,100.15,31.0,100.14,139.0,100.23,54.0,100.24,16.0,100.25,70.0,100.26,43.0,100.27,44.0,none
1704067364302,100.1945,0.05,0.0738,-0.5196,100.17,27.0,100.16,46.0,100.15,13.0,100.14,20.0,100.13,35.0,100.22,181.0,100.23,46.0,100.24,58.0,100.25,34.0,100.26,127.0,none
1704067366118,100.1473,0.03,0.1375,0.1115,100.13,67.0,100.12,34.0,100.11,48.0,100.1,127.0,100.09,23.0,100.16,36.0,100.17,45.0,100.18,24.0,100.19,78.0,100.2,56.0,none
1704067366299,100.0997,0.04,0.0682,0.1942,100.08,52.0,100.07,198.0,100.06,124.0,100.05,162.0,100.04,42.0,100.12,36.0,100.13,42.0,100.14,159.0,100.15,99.0,100.16,54.0,none
1704067367714,100.1353,0.09,0.025,-0.3502,100.09,38.0,100.08,65.0,100.07,33.0,100.06,14.0,100.05,43.0,100.18,202.0,100.19,9.0,100.2,72.0,100.21,50.0,100.22,68.0,none
1704067368844,100.141,0.08,0.0991,-0.1232,100.1,44.0,100.09,42.0,100.08,69.0,100.07,116.0,100.06,131.0,100.18,123.0,100.19,58.0,100.2,130.0,100.21,97.0,100.22,107.0,none
1704067369623,100.087,0.03,0.0295,-0.0997,100.07,52.0,100.06,71.0,100.05,98.0,100.04,60.0,100.03,35.0,100.1,78.0,100.11,38.0,100.12,59.0,100.13,54.0,100.14,157.0,none
1704067370518,100.1246,0.06,0.1392,0.1417,100.09,26.0,100.08,289.0,100.07,39.0,100.06,37.0,100.05,16.0,100.15,28.0,100.16,68.0,100.17,56.0,100.18,50.0,100.19,104.0,none
1704067371821,100.0762,0.05,0.1877,0.4417,100.05,104.0,100.04,6.0,100.03,39.0,100.02,59.0,100.01,138.0,100.1,21.0,100.11,28.0,100.12,18.0,100.13,32.0,100.14,35.0,none
1704067372314,100.1122,0.02,0.1092,0.2161,100.1,21.0,100.09,147.0,100.08,9.0,100.07,69.0,100.06,238.0,100.12,8.0,100.13,20.0,100.14,21.0,100.15,230.0,100.16,33.0,none
1704067373003,100.09,0.04,0.6449,0.7416,100.07,2378.0,100.06,41.0,100.05,47.0,100.04,46.0,100.03,83.0,100.11,210.0,100.12,99.0,100.13,48.0,100.14,8.0,100.15,20.0,spoofing
1704067374440,100.135,0.03,0.0989,-0.134,100.12,42.0,100.11,39.0,100.1,19.0,100.09,154.0,100.08,124.0,100.15,88.0,100.16,240.0,100.17,18.0,100.18,100.0,100.19,49.0,none
1704067374550,100.1715,0.04,0.029,0.1723,100.15,53.0,100.14,123.0,100.13,40.0,100.12,65.0,100.11,49.0,100.19,96.0,100.2,25.0,100.21,48.0,100.22,27.0,100.23,37.0,none
1704067375003,100.1849,0.03,0.0579,-0.1799,100.17,24.0,100.16,10.0,100.15,142.0,100.14,52.0,100.13,9.0,100.2,70.0,100.21,162.0,100.22,23.0,100.23,38.0,100.24,48.0,none
1704067375275,100.1849,0.03,0.1162,-0.3536,100.17,40.0,100.16,42.0,100.15,12.0,100.14,47.0,100.13,125.0,100.2,107.0,100.21,77.0,100.22,60.0,100.23,69.0,100.24,244.0,none
1704067376100,100.1226,0.04,0.0292,0.3203,100.1,176.0,100.09,38.0,100.08,26.0,100.07,33.0,100.06,32.0,100.14,16.0,100.15,26.0,100.16,17.0,100.17,67.0,100.18,31.0,none
1704067376795,100.1329,0.06,0.1299,0.5725,100.1,318.0,100.09,327.0,100.08,317.0,100.07,333.0,100.06,327.0,100.16,41.0,100.17,39.0,100.18,285.0,100.19,32.0,100.2,44.0,layering
1704067378014,100.1315,0.02,0.0335,0.0297,100.12,59.0,100.11,37.0,100.1,134.0,100.09,93.0,100.08,24.0,100.14,58.0,100.15,63.0,100.16,10.0,100.17,31.0,100.18,165.0,none
1704067378628,100.1424,0.04,0.0625,0.0017,100.12,56.0,100.11,23.0,100.1,29.0,100.09,172.0,100.08,21.0,100.16,51.0,100.17,76.0,100.18,42.0,100.19,19.0,100.2,112.0,none
1704067380253,100.1704,0.06,0.161,-0.2212,100.14,29.0,100.13,56.0,100.12,99.0,100.11,11.0,100.1,18.0,100.2,35.0,100.21,93.0,100.22,33.0,100.23,119.0,100.24,54.0,none
1704067381268,100.2126,0.03,0.0415,0.0805,100.2,41.0,100.19,47.0,100.18,53.0,100.17,159.0,100.16,76.0,100.23,156.0,100.24,13.0,100.25,62.0,100.26,13.0,100.27,76.0,none
1704067382785,100.2101,0.04,0.037,-0.0242,100.19,44.0,100.18,28.0,100.17,32.0,100.16,50.0,100.15,7.0,100.23,16.0,100.24,51.0,100.25,30.0,100.26,22.0,100.27,50.0,none
1704067384199,100.2747,0.05,0.3823,0.4958,100.25,1198.0,100.24,316.0,100.23,67.0,100.22,101.0,100.21,95.0,100.3,49.0,100.31,210.0,100.32,277.0,100.33,20.0,100.34,43.0,spoofing
1704067385628,100.269,0.09,0.0677,0.7442,100.22,101.0,100.21,1207.0,100.2,52.0,100.19,81.0,100.18,182.0,100.31,50.0,100.32,95.0,100.33,17.0,100.34,54.0,100.35,22.0,none
1704067385906,100.2991,0.09,0.1117,-0.0652,100.25,68.0,100.24,20.0,100.23,14.0,100.22,40.0,100.21,231.0,100.34,69.0,100.35,254.0,100.36,67.0,100.37,26.0,100.38,9.0,none
1704067387227,100.1603,0.08,0.0735,-0.1214,100.12,36.0,100.11,46.0,100.1,59.0,100.09,66.0,100.08,115.0,100.2,15.0,100.21,138.0,100.22,79.0,100.23,73.0,100.24,106.0,none
1704067389002,100.197,0.04,0.0745,0.8242,100.18,325.0,100.17,316.0,100.16,328.0,100.15,333.0,100.14,337.0,100.22,31.0,100.23,38.0,100.24,36.0,100.25,18.0,100.26,35.0,layering
1704067389874,100.1087,0.04,0.0446,0.0648,100.09,72.0,100.08,81.0,100.07,18.0,100.06,70.0,100.05,71.0,100.13,22.0,100.14,120.0,100.15,38.0,100.16,30.0,100.17,64.0,none
1704067390708,100.1245,0.06,0.326,0.8296,100.09,1778.0,100.08,18.0,100.07,48.0,100.06,37.0,100.05,41.0,100.15,46.0,100.16,73.0,100.17,16.0,100.18,21.0,100.19,23.0,spoofing
1704067391858,100.137,0.03,0.2883,0.2893,100.12,963.0,100.11,57.0,100.1,146.0,100.09,94.0,100.08,108.0,100.15,18.0,100.16,650.0,100.17,34.0,100.18,18.0,100.19,34.0,spoofing
1704067393432,100.1894,0.02,0.3875,0.7097,100.18,1917.0,100.17,58.0,100.16,68.0,100.15,99.0,100.14,90.0,100.2,30.0,100.21,138.0,100.22,56.0,100.23,52.0,100.24,103.0,spoofing
1704067394373,100.1933,0.04,0.3646,0.7642,100.17,2127.0,100.16,48.0,100.15,47.0,100.14,57.0,100.13,115.0,100.21,82.0,100.22,41.0,100.23,94.0,100.24,84.0,100.25,19.0,spoofing
1704067396301,100.1627,0.04,0.4449,0.8462,100.14,2411.0,100.13,410.0,100.12,228.0,100.11,23.0,100.1,38.0,100.18,49.0,100.19,58.0,100.2,32.0,100.21,38.0,100.22,82.0,spoofing
1704067397953,100.1832,0.03,0.0355,0.8623,100.17,565.0,100.16,576.0,100.15,569.0,100.14,580.0,100.13,550.0,100.2,70.0,100.21,24.0,100.22,54.0,100.23,46.0,100.24,16.0,layering
1704067398185,100.1568,0.03,0.0833,0.0398,100.14,78.0,100.13,41.0,100.12,49.0,100.11,57.0,100.1,10.0,100.17,71.0,100.18,45.0,100.19,22.0,100.2,50.0,100.21,29.0,none
1704067399652,100.1664,0.03,0.0906,0.4798,100.15,351.0,100.14,358.0,100.13,371.0,100.12,356.0,100.11,362.0,100.18,150.0,100.19,141.0,100.2,133.0,100.21,19.0,100.22,189.0,layering
1704067400557,100.2038,0.03,0.0983,-0.1685,100.19,82.0,100.18,58.0,100.17,25.0,100.16,23.0,100.15,44.0,100.22,59.0,100.23,64.0,100.24,120.0,100.25,43.0,100.26,40.0,none
1704067401743,100.2451,0.07,0.089,0.0572,100.21,146.0,100.2,209.0,100.19,24.0,100.18,28.0,100.17,27.0,100.28,45.0,100.29,129.0,100.3,91.0,100.31,115.0,100.32,7.0,none
1704067402934,100.3222,0.02,0.069,0.4074,100.31,33.0,100.3,46.0,100.29,57.0,100.28,373.0,100.27,156.0,100.33,126.0,100.34,40.0,100.35,45.0,100.36,44.0,100.37,25.0,none
1704067404002,100.3764,0.03,0.0625,-0.3766,100.36,73.0,100.35,66.0,100.34,76.0,100.33,57.0,100.32,98.0,100.39,263.0,100.4,146.0,100.41,97.0,100.42,83.0,100.43,228.0,none
1704067404442,100.3761,0.02,0.0879,-0.2505,100.37,49.0,100.36,150.0,100.35,56.0,100.34,24.0,100.33,83.0,100.39,123.0,100.4,341.0,100.41,82.0,100.42,31.0,100.43,27.0,none
1704067405577,100.3604,0.02,0.0775,-0.1826,100.35,141.0,100.34,82.0,100.33,113.0,100.32,33.0,100.31,34.0,100.37,134.0,100.38,78.0,100.39,248.0,100.4,88.0,100.41,35.0,none
1704067406772,100.3522,0.02,0.0406,-0.0729,100.34,100.0,100.33,21.0,100.32,40.0,100.31,136.0,100.3,72.0,100.36,100.0,100.37,8.0,100.38,75.0,100.39,212.0,100.4,32.0,none
1704067406984,100.306,0.07,0.0497,-0.0381,100.27,77.0,100.26,19.0,100.25,23.0,100.24,52.0,100.23,94.0,100.34,52.0,100.35,31.0,100.36,16.0,100.37,77.0,100.38,110.0,none
1704067407319,100.3025,0.03,0.1006,-0.4983,100.29,40.0,100.28,26.0,100.27,16.0,100.26,45.0,100.25,24.0,100.32,47.0,100.33,101.0,100.34,132.0,100.35,78.0,100.36,93.0,none
1704067408776,100.2764,0.03,0.0247,0.1278,100.26,55.0,100.25,147.0,100.24,135.0,100.23,30.0,100.22,8.0,100.29,19.0,100.3,37.0,100.31,40.0,100.32,96.0,100.33,98.0,none
1704067409693,100.2806,0.04,0.2715,0.5975,100.26,1447.0,100.25,137.0,100.24,53.0,100.23,65.0,100.22,76.0,100.3,8.0,100.31,211.0,100.32,72.0,100.33,47.0,100.34,110.0,spoofing
1704067411194,100.2382,0.02,0.1667,0.0857,100.23,73.0,100.22,63.0,100.21,20.0,100.2,51.0,100.19,40.0,100.25,64.0,100.26,63.0,100.27,30.0,100.28,36.0,100.29,15.0,none
1704067413170,100.2126,0.02,0.0948,0.0575,100.2,30.0,100.19,79.0,100.18,43.0,100.17,84.0,100.16,49.0,100.22,34.0,100.23,16.0,100.24,23.0,100.25,67.0,100.26,114.0,none
1704067413801,100.2625,0.04,0.0469,0.0979,100.24,30.0,100.23,70.0,100.22,209.0,100.21,20.0,100.2,13.0,100.28,80.0,100.29,38.0,100.3,77.0,100.31,59.0,100.32,27.0,none
1704067414320,100.2385,0.02,0.0879,0.102,100.23,23.0,100.22,55.0,100.21,75.0,100.2,88.0,100.19,83.0,100.25,21.0,100.26,169.0,100.27,19.0,100.28,35.0,100.29,20.0,none
1704067414940,100.2113,0.07,0.3019,-0.1347,100.18,9.0,100.17,27.0,100.16,63.0,100.15,93.0,100.14,20.0,100.25,74.0,100.26,30.0,100.27,33.0,100.28,74.0,100.29,67.0,none
1704067415751,100.1618,0.03,0.3138,0.6597,100.15,1977.0,100.14,44.0,100.13,171.0,100.12,54.0,100.11,27.0,100.18,50.0,100.19,168.0,100.2,70.0,100.21,140.0,100.22,38.0,spoofing
1704067416942,100.1274,0.02,0.0864,0.1738,100.12,69.0,100.11,49.0,100.1,244.0,100.09,14.0,100.08,19.0,100.14,13.0,100.15,66.0,100.16,38.0,100.17,124.0,100.18,37.0,none
1704067418386,100.1225,0.06,0.0307,0.6829,100.09,307.0,100.08,303.0,100.07,300.0,100.06,320.0,100.05,309.0,100.15,53.0,100.16,99.0,100.17,38.0,100.18,66.0,100.19,34.0,layering
1704067419206,100.1383,0.02,0.0981,-0.1007,100.13,47.0,100.12,125.0,100.11,30.0,100.1,56.0,100.09,108.0,100.15,162.0,100.16,141.0,100.17,35.0,100.18,82.0,100.19,28.0,none
1704067420204,100.1891,0.11,0.2708,0.1787,100.13,116.0,100.12,42.0,100.11,47.0,100.1,57.0,100.09,48.0,100.24,85.0,100.25,29.0,100.26,47.0,100.27,24.0,100.28,31.0,none
1704067420803,100.187,0.02,0.0319,0.1858,100.18,109.0,100.17,187.0,100.16,88.0,100.15,161.0,100.14,58.0,100.2,21.0,100.21,52.0,100.22,42.0,100.23,222.0,100.24,77.0,none
1704067421976,100.1899,0.04,0.0596,-0.0723,100.17,49.0,100.16,65.0,100.15,79.0,100.14,222.0,100.13,47.0,100.21,32.0,100.22,41.0,100.23,354.0,100.24,79.0,100.25,28.0,wash_trading
1704067422277,100.234,0.03,0.0669,0.2938,100.22,124.0,100.21,160.0,100.2,66.0,100.19,90.0,100.18,335.0,100.25,97.0,100.26,18.0,100.27,197.0,100.28,44.0,100.29,67.0,none
1704067422710,100.2374,0.12,0.0389,-0.0642,100.18,20.0,100.17,69.0,100.16,63.0,100.15,48.0,100.14,77.0,100.3,12.0,100.31,69.0,100.32,44.0,100.33,138.0,100.34,52.0,none
1704067422877,100.2546,0.05,0.0439,0.1079,100.23,104.0,100.22,62.0,100.21,58.0,100.2,128.0,100.19,69.0,100.28,50.0,100.29,69.0,100.3,45.0,100.31,110.0,100.32,65.0,none
1704067423574,100.2481,0.08,0.2462,0.3732,100.21,29.0,100.2,16.0,100.19,372.0,100.18,60.0,100.17,132.0,100.29,50.0,100.3,37.0,100.31,80.0,100.32,51.0,100.33,60.0,none
1704067423900,100.2305,0.02,0.1982,-0.0783,100.22,36.0,100.21,154.0,100.2,35.0,100.19,66.0,100.18,27.0,100.24,126.0,100.25,41.0,100.26,48.0,100.27,10.0,100.28,147.0,none
1704067425506,100.2474,0.05,0.0667,0.3297,100.22,41.0,100.21,194.0,100.2,287.0,100.19,75.0,100.18,14.0,100.27,72.0,100.28,48.0,100.29,113.0,100.3,11.0,100.31,64.0,none
1704067427107,100.2456,0.02,0.0749,0.0415,100.24,69.0,100.23,66.0,100.22,83.0,100.21,113.0,100.2,146.0,100.26,73.0,100.27,142.0,100.28,135.0,100.29,35.0,100.3,54.0,none
1704067427481,100.2446,0.05,0.0224,-0.3711,100.22,34.0,100.21,23.0,100.2,34.0,100.19,87.0,100.18,61.0,100.27,264.0,100.28,48.0,100.29,27.0,100.3,19.0,100.31,163.0,none
1704067428089,100.2289,0.06,0.0712,-0.392,100.2,31.0,100.19,105.0,100.18,58.0,100.17,34.0,100.16,38.0,100.26,159.0,100.27,49.0,100.28,83.0,100.29,17.0,100.3,301.0,none
1704067429743,100.1962,0.07,0.1199,0.3849,100.16,191.0,100.15,15.0,100.14,71.0,100.13,291.0,100.12,94.0,100.23,47.0,100.24,22.0,100.25,69.0,100.26,31.0,100.27,125.0,none
1704067431645,100.2189,0.02,0.0337,-0.3333,100.21,28.0,100.2,44.0,100.19,10.0,100.18,83.0,100.17,44.0,100.23,31.0,100.24,30.0,100.25,10.0,100.26,43.0,100.27,304.0,none
1704067432054,100.2153,0.05,0.0826,-0.0935,100.19,112.0,100.18,26.0,100.17,90.0,100.16,12.0,100.15,46.0,100.24,168.0,100.25,52.0,100.26,27.0,100.27,61.0,100.28,37.0,none
1704067433377,100.2078,0.03,0.0919,0.1949,100.19,45.0,100.18,27.0,100.17,150.0,100.16,92.0,100.15,155.0,100.22,45.0,100.23,75.0,100.24,31.0,100.25,148.0,100.26,17.0,none
1704067435320,100.1808,0.02,0.1071,-0.0935,100.17,116.0,100.16,43.0,100.15,48.0,100.14,62.0,100.13,75.0,100.19,79.0,100.2,159.0,100.21,111.0,100.22,38.0,100.23,28.0,none
1704067436607,100.1961,0.03,0.0419,0.7399,100.18,524.0,100.17,536.0,100.16,529.0,100.15,522.0,100.14,511.0,100.21,18.0,100.22,52.0,100.23,18.0,100.24,212.0,100.25,92.0,layering
1704067437308,100.2321,0.03,0.037,-0.2352,100.22,145.0,100.21,86.0,100.2,13.0,100.19,38.0,100.18,74.0,100.25,22.0,100.26,39.0,100.27,261.0,100.28,37.0,100.29,216.0,none
1704067438591,100.2416,0.04,0.0671,-0.1795,100.22,26.0,100.21,173.0,100.2,72.0,100.19,50.0,100.18,56.0,100.26,164.0,100.27,151.0,100.28,68.0,100.29,139.0,100.3,20.0,none
1704067439096,100.3778,0.04,0.1176,0.2762,100.36,68.0,100.35,72.0,100.34,37.0,100.33,61.0,100.32,60.0,100.4,54.0,100.41,19.0,100.42,23.0,100.43,9.0,100.44,64.0,none
1704067440003,100.3725,0.04,0.0534,-0.1481,100.35,90.0,100.34,27.0,100.33,28.0,100.32,44.0,100.31,205.0,100.39,112.0,100.4,271.0,100.41,82.0,100.42,46.0,100.43,20.0,none
1704067441952,100.4132,0.1,0.0447,0.533,100.36,133.0,100.35,370.0,100.34,123.0,100.33,27.0,100.32,43.0,100.46,43.0,100.47,43.0,100.48,23.0,100.49,51.0,100.5,52.0,wash_trading
1704067443662,100.398,0.02,0.1351,0.6587,100.39,346.0,100.38,348.0,100.37,343.0,100.36,337.0,100.35,366.0,100.41,72.0,100.42,171.0,100.43,56.0,100.44,34.0,100.45,25.0,layering
1704067444152,100.398,0.02,0.1817,0.017,100.39,28.0,100.38,25.0,100.37,26.0,100.36,181.0,100.35,128.0,100.41,8.0,100.42,94.0,100.43,25.0,100.44,151.0,100.45,97.0,none
1704067446036,100.411,0.04,0.2063,-0.6849,100.39,20.0,100.38,70.0,100.37,48.0,100.36,10.0,100.35,51.0,100.43,31.0,100.44,19.0,100.45,319.0,100.46,498.0,100.47,197.0,none
1704067447907,100.4175,0.03,0.0675,0.1755,100.4,41.0,100.39,45.0,100.38,27.0,100.37,83.0,100.36,102.0,100.43,14.0,100.44,48.0,100.45,35.0,100.46,28.0,100.47,84.0,none
1704067449628,100.3655,0.03,0.1002,-0.0258,100.35,73.0,100.34,258.0,100.33,8.0,100.32,120.0,100.31,32.0,100.38,193.0,100.39,40.0,100.4,40.0,100.41,216.0,100.42,28.0,none
1704067451117,100.3699,0.02,0.075,-0.0612,100.36,296.0,100.35,85.0,100.34,54.0,100.33,27.0,100.32,21.0,100.38,68.0,100.39,135.0,100.4,63.0,100.41,93.0,100.42,187.0,none
1704067451240,100.3932,0.03,0.0857,-0.0194,100.38,71.0,100.37,150.0,100.36,90.0,100.35,66.0,100.34,28.0,100.41,92.0,100.42,32.0,100.43,139.0,100.44,18.0,100.45,140.0,none
1704067452040,100.4471,0.02,0.0747,0.8099,100.44,438.0,100.43,446.0,100.42,445.0,100.41,446.0,100.4,453.0,100.46,18.0,100.47,21.0,100.48,106.0,100.49,52.0,100.5,37.0,layering
1704067452882,100.4247,0.07,0.4308,0.7754,100.39,1968.0,100.38,44.0,100.37,40.0,100.36,123.0,100.35,15.0,100.46,28.0,100.47,131.0,100.48,33.0,100.49,55.0,100.5,30.0,spoofing
1704067452985,100.4292,0.06,0.0842,0.0781,100.4,70.0,100.39,18.0,100.38,258.0,100.37,319.0,100.36,80.0,100.46,110.0,100.47,296.0,100.48,68.0,100.49,100.0,100.5,63.0,wash_trading
1704067454953,100.5199,0.04,0.0832,0.2934,100.5,28.0,100.49,65.0,100.48,97.0,100.47,351.0,100.46,118.0,100.54,30.0,100.55,33.0,100.56,12.0,100.57,84.0,100.58,201.0,none
1704067456379,100.5592,0.06,0.0437,0.0457,100.53,17.0,100.52,47.0,100.51,35.0,100.5,68.0,100.49,16.0,100.59,29.0,100.6,28.0,100.61,12.0,100.62,52.0,100.63,46.0,none
1704067457649,100.6051,0.05,0.0573,0.1894,100.58,52.0,100.57,134.0,100.56,42.0,100.55,30.0,100.54,122.0,100.63,37.0,100.64,84.0,100.65,35.0,100.66,86.0,100.67,17.0,none
1704067458799,100.6552,0.11,0.1666,0.071,100.6,46.0,100.59,28.0,100.58,79.0,100.57,144.0,100.56,35.0,100.71,52.0,100.72,114.0,100.73,13.0,100.74,16.0,100.75,93.0,none
1704067459956,100.7001,0.04,0.0361,0.6233,100.68,93.0,100.67,78.0,100.66,99.0,100.65,74.0,100.64,393.0,100.72,15.0,100.73,59.0,100.74,12.0,100.75,60.0,100.76,25.0,none
1704067461918,100.6868,0.02,0.1066,0.3665,100.68,53.0,100.67,25.0,100.66,60.0,100.65,25.0,100.64,208.0,100.7,9.0,100.71,37.0,100.72,43.0,100.73,12.0,100.74,71.0,none
1704067462212,100.6184,0.04,0.13,-0.4545,100.6,46.0,100.59,36.0,100.58,39.0,100.57,61.0,100.56,25.0,100.64,78.0,100.65,22.0,100.66,156.0,100.67,104.0,100.68,192.0,none
1704067464153,100.6159,0.05,0.3908,0.7304,100.59,2321.0,100.58,88.0,100.57,59.0,100.56,72.0,100.55,53.0,100.64,40.0,100.65,61.0,100.66,133.0,100.67,86.0,100.68,84.0,spoofing
1704067464501,100.6134,0.03,0.0783,-0.2712,100.6,59.0,100.59,76.0,100.58,95.0,100.57,18.0,100.56,135.0,100.63,49.0,100.64,494.0,100.65,12.0,100.66,74.0,100.67,39.0,none
1704067466338,100.6405,0.04,0.0727,-0.235,100.62,40.0,100.61,65.0,100.6,116.0,100.59,60.0,100.58,56.0,100.66,40.0,100.67,57.0,100.68,197.0,100.69,91.0,100.7,159.0,none
1704067467638,100.6775,0.04,0.0285,-0.1279,100.66,63.0,100.65,30.0,100.64,50.0,100.63,99.0,100.62,82.0,100.7,37.0,100.71,91.0,100.72,141.0,100.73,113.0,100.74,37.0,wash_trading
1704067468468,100.671,0.06,0.3392,0.8242,100.64,2335.0,100.63,62.0,100.62,232.0,100.61,66.0,100.6,45.0,100.7,66.0,100.71,40.0,100.72,39.0,100.73,36.0,100.74,83.0,spoofing
1704067468948,100.6763,0.05,0.1176,0.1479,100.65,94.0,100.64,27.0,100.63,49.0,100.62,137.0,100.61,50.0,100.7,53.0,100.71,52.0,100.72,27.0,100.73,94.0,100.74,39.0,wash_trading
1704067470686,100.6586,0.04,0.0274,-0.0941,100.64,22.0,100.63,71.0,100.62,189.0,100.61,31.0,100.6,24.0,100.68,84.0,100.69,137.0,100.7,50.0,100.71,46.0,100.72,90.0,none
1704067472568,100.6187,0.02,0.031,0.129,100.61,263.0,100.6,21.0,100.59,69.0,100.58,32.0,100.57,70.0,100.63,4.0,100.64,133.0,100.65,164.0,100.66,7.0,100.67,43.0,none
1704067473406,100.6179,0.04,0.3422,0.7387,100.6,2371.0,100.59,65.0,100.58,27.0,100.57,24.0,100.56,22.0,100.64,16.0,100.65,76.0,100.66,78.0,100.67,184.0,100.68,23.0,spoofing
1704067473738,100.5973,0.04,0.2347,-0.2072,100.58,30.0,100.57,68.0,100.56,38.0,100.55,75.0,100.54,53.0,100.62,124.0,100.63,51.0,100.64,24.0,100.65,100.0,100.66,103.0,none
1704067475084,100.5855,0.02,0.0859,-0.1744,100.58,17.0,100.57,75.0,100.56,76.0,100.55,40.0,100.54,50.0,100.6,67.0,100.61,25.0,100.62,81.0,100.63,66.0,100.64,128.0,none
1704067476438,100.6073,0.02,0.4724,0.765,100.6,2277.0,100.59,89.0,100.58,40.0,100.57,24.0,100.56,56.0,100.62,54.0,100.63,19.0,100.64,119.0,100.65,37.0,100.66,102.0,spoofing
1704067477304,100.602,0.04,0.0642,0.2821,100.58,52.0,100.57,110.0,100.56,40.0,100.55,207.0,100.54,16.0,100.62,32.0,100.63,82.0,100.64,31.0,100.65,72.0,100.66,21.0,none
1704067477872,100.552,0.02,0.2798,0.4836,100.54,227.0,100.53,213.0,100.52,228.0,100.51,209.0,100.5,229.0,100.56,145.0,100.57,45.0,100.58,43.0,100.59,40.0,100.6,112.0,layering
1704067479162,100.5453,0.03,0.03,-0.0078,100.53,18.0,100.52,36.0,100.51,92.0,100.5,35.0,100.49,138.0,100.56,20.0,100.57,29.0,100.58,22.0,100.59,41.0,100.6,212.0,none
1704067480469,100.5477,0.04,0.4742,0.8363,100.53,908.0,100.52,232.0,100.51,64.0,100.5,17.0,100.49,35.0,100.57,16.0,100.58,34.0,100.59,14.0,100.6,23.0,100.61,25.0,spoofing
1704067482206,100.567,0.14,0.0874,0.2824,100.5,76.0,100.49,260.0,100.48,65.0,100.47,64.0,100.46,198.0,100.64,175.0,100.65,21.0,100.66,53.0,100.67,65.0,100.68,57.0,none
1704067483110,100.5803,0.02,0.3255,0.6906,100.57,1206.0,100.56,36.0,100.55,74.0,100.54,114.0,100.53,18.0,100.59,90.0,100.6,69.0,100.61,15.0,100.62,41.0,100.63,50.0,spoofing
1704067483802,100.5575,0.03,0.0516,-0.1991,100.54,8.0,100.53,95.0,100.52,81.0,100.51,25.0,100.5,153.0,100.57,19.0,100.58,31.0,100.59,420.0,100.6,54.0,100.61,18.0,none
1704067485777,100.5724,0.03,0.0897,-0.0591,100.56,39.0,100.55,36.0,100.54,60.0,100.53,249.0,100.52,22.0,100.59,182.0,100.6,116.0,100.61,30.0,100.62,92.0,100.63,37.0,none
1704067486716,100.635,0.05,0.0224,0.2996,100.61,209.0,100.6,107.0,100.59,181.0,100.58,94.0,100.57,38.0,100.66,42.0,100.67,27.0,100.68,9.0,100.69,153.0,100.7,108.0,none
1704067487256,100.5958,0.02,0.0549,-0.1281,100.59,44.0,100.58,42.0,100.57,49.0,100.56,103.0,100.55,24.0,100.61,51.0,100.62,104.0,100.63,13.0,100.64,49.0,100.65,122.0,none
1704067488092,100.5835,0.05,0.0843,0.3216,100.56,43.0,100.55,176.0,100.54,7.0,100.53,28.0,100.52,348.0,100.61,33.0,100.62,47.0,100.63,31.0,100.64,68.0,100.65,130.0,none
1704067488636,100.5458,0.05,0.0747,0.6194,100.52,349.0,100.51,329.0,100.5,323.0,100.49,328.0,100.48,339.0,100.57,144.0,100.58,24.0,100.59,78.0,100.6,128.0,100.61,18.0,layering
1704067489954,100.5202,0.04,0.1733,0.167,100.5,46.0,100.49,13.0,100.48,164.0,100.47,46.0,100.46,318.0,100.54,60.0,100.55,16.0,100.56,277.0,100.57,31.0,100.58,35.0,none
1704067491376,100.6046,0.05,0.034,0.3598,100.58,354.0,100.57,33.0,100.56,121.0,100.55,31.0,100.54,94.0,100.63,73.0,100.64,23.0,100.65,83.0,100.66,56.0,100.67,63.0,none
1704067492629,100.5802,0.02,0.1113,-0.129,100.57,36.0,100.56,37.0,100.55,50.0,100.54,44.0,100.53,66.0,100.59,86.0,100.6,59.0,100.61,47.0,100.62,30.0,100.63,80.0,none
1704067492759,100.6129,0.02,0.1915,0.5091,100.6,35.0,100.59,240.0,100.58,61.0,100.57,403.0,100.56,91.0,100.62,88.0,100.63,38.0,100.64,9.0,100.65,16.0,100.66,119.0,none
1704067494280,100.6146,0.06,0.0614,0.2714,100.58,19.0,100.57,110.0,100.56,431.0,100.55,85.0,100.54,32.0,100.64,63.0,100.65,213.0,100.66,60.0,100.67,10.0,100.68,42.0,none
1704067495276,100.545,0.07,0.091,0.0031,100.51,83.0,100.5,100.0,100.49,56.0,100.48,73.0,100.47,8.0,100.58,145.0,100.59,18.0,100.6,15.0,100.61,37.0,100.62,103.0,none
1704067495921,100.5532,0.06,0.1509,0.0933,100.52,21.0,100.51,59.0,100.5,64.0,100.49,26.0,100.48,82.0,100.58,47.0,100.59,22.0,100.6,94.0,100.61,28.0,100.62,18.0,none
1704067496906,100.5373,0.02,0.0794,0.3172,100.53,200.0,100.52,36.0,100.51,52.0,100.5,27.0,100.49,38.0,100.55,39.0,100.56,45.0,100.57,37.0,100.58,41.0,100.59,21.0,none
1704067498155,100.4934,0.03,0.0758,0.0604,100.48,34.0,100.47,73.0,100.46,303.0,100.45,146.0,100.44,137.0,100.51,18.0,100.52,46.0,100.53,94.0,100.54,21.0,100.55,435.0,none
1704067498754,100.4732,0.06,0.1054,-0.5609,100.44,17.0,100.43,45.0,100.42,55.0,100.41,11.0,100.4,9.0,100.5,21.0,100.51,184.0,100.52,43.0,100.53,180.0,100.54,59.0,none
1704067500213,100.4418,0.03,0.0218,0.4526,100.43,179.0,100.42,269.0,100.41,18.0,100.4,103.0,100.39,36.0,100.46,52.0,100.47,19.0,100.48,27.0,100.49,79.0,100.5,51.0,none
1704067502068,100.4375,0.03,0.1087,0.3718,100.42,50.0,100.41,17.0,100.4,42.0,100.39,30.0,100.38,562.0,100.45,80.0,100.46,41.0,100.47,65.0,100.48,93.0,100.49,42.0,none
1704067502508,100.4893,0.04,0.2059,-0.1463,100.47,141.0,100.46,43.0,100.45,28.0,100.44,82.0,100.43,97.0,100.51,25.0,100.52,62.0,100.53,171.0,100.54,113.0,100.55,154.0,none
1704067503213,100.473,0.05,0.0991,0.392,100.45,62.0,100.44,27.0,100.43,35.0,100.42,151.0,100.41,192.0,100.5,44.0,100.51,37.0,100.52,27.0,100.53,52.0,100.54,44.0,none
1704067503612,100.5054,0.05,0.0723,-0.2265,100.48,40.0,100.47,45.0,100.46,23.0,100.45,23.0,100.44,50.0,100.53,96.0,100.54,16.0,100.55,34.0,100.56,66.0,100.57,75.0,none
1704067504518,100.4941,0.05,0.1495,0.0,100.47,12.0,100.46,289.0,100.45,49.0,100.44,37.0,100.43,68.0,100.52,45.0,100.53,151.0,100.54,103.0,100.55,74.0,100.56,82.0,none
1704067504972,100.5289,0.04,0.0429,0.0176,100.51,53.0,100.5,75.0,100.49,36.0,100.48,15.0,100.47,23.0,100.55,9.0,100.56,26.0,100.57,44.0,100.58,44.0,100.59,72.0,none
1704067505664,100.5349,0.05,0.0578,0.1881,100.51,43.0,100.5,297.0,100.49,39.0,100.48,161.0,100.47,41.0,100.56,122.0,100.57,129.0,100.58,43.0,100.59,48.0,100.6,55.0,none
1704067507444,100.5111,0.04,0.1211,-0.3167,100.49,24.0,100.48,85.0,100.47,167.0,100.46,39.0,100.45,27.0,100.53,25.0,100.54,45.0,100.55,104.0,100.56,177.0,100.57,308.0,none
1704067508118,100.4886,0.02,0.0671,-0.2424,100.48,42.0,100.47,128.0,100.46,26.0,100.45,16.0,100.44,24.0,100.5,254.0,100.51,48.0,100.52,54.0,100.53,21.0,100.54,10.0,none
1704067508488,100.4936,0.05,0.0382,0.1688,100.47,180.0,100.46,130.0,100.45,109.0,100.44,48.0,100.43,35.0,100.52,183.0,100.53,79.0,100.54,33.0,100.55,8.0,100.56,54.0,none
1704067508631,100.4086,0.04,0.0447,-0.0275,100.39,8.0,100.38,99.0,100.37,6.0,100.36,114.0,100.35,109.0,100.43,43.0,100.44,49.0,100.45,145.0,100.46,8.0,100.47,110.0,none
1704067509117,100.4189,0.02,0.4755,0.7555,100.41,1067.0,100.4,53.0,100.39,31.0,100.38,117.0,100.37,46.0,100.43,32.0,100.44,45.0,100.45,65.0,100.46,22.0,100.47,19.0,spoofing
1704067510258,100.4115,0.02,0.0864,0.0403,100.4,76.0,100.39,20.0,100.38,236.0,100.37,128.0,100.36,43.0,100.42,25.0,100.43,85.0,100.44,77.0,100.45,97.0,100.46,180.0,none
1704067511753,100.3923,0.04,0.0401,0.0865,100.37,200.0,100.36,23.0,100.35,7.0,100.34,97.0,100.33,56.0,100.41,57.0,100.42,85.0,100.43,51.0,100.44,102.0,100.45,27.0,none
1704067512278,100.4155,0.05,0.2146,0.0116,100.39,174.0,100.38,20.0,100.37,97.0,100.36,246.0,100.35,30.0,100.44,15.0,100.45,29.0,100.46,68.0,100.47,61.0,100.48,381.0,none
1704067512741,100.4006,0.04,0.0493,-0.0675,100.38,36.0,100.37,68.0,100.36,110.0,100.35,36.0,100.34,47.0,100.42,46.0,100.43,83.0,100.44,115.0,100.45,23.0,100.46,73.0,none
1704067512989,100.3504,0.02,0.1473,0.2,100.34,51.0,100.33,43.0,100.32,15.0,100.31,19.0,100.3,142.0,100.36,49.0,100.37,38.0,100.38,21.0,100.39,25.0,100.4,47.0,none
1704067513941,100.3751,0.03,0.0814,-0.2259,100.36,53.0,100.35,32.0,100.34,39.0,100.33,53.0,100.32,20.0,100.39,112.0,100.4,9.0,100.41,26.0,100.42,78.0,100.43,87.0,none
1704067515120,100.4073,0.05,0.1583,0.2744,100.38,33.0,100.37,94.0,100.36,109.0,100.35,20.0,100.34,169.0,100.43,60.0,100.44,15.0,100.45,7.0,100.46,103.0,100.47,57.0,none
1704067516110,100.4461,0.1,0.1271,-0.624,100.4,34.0,100.39,37.0,100.38,14.0,100.37,32.0,100.36,21.0,100.5,63.0,100.51,43.0,100.52,68.0,100.53,411.0,100.54,11.0,none
1704067516265,100.4374,0.03,0.0672,0.7035,100.42,382.0,100.41,421.0,100.4,422.0,100.39,408.0,100.38,412.0,100.45,67.0,100.46,127.0,100.47,66.0,100.48,36.0,100.49,60.0,layering
1704067518033,100.4357,0.03,0.0931,0.582,100.42,16.0,100.41,55.0,100.4,87.0,100.39,205.0,100.38,216.0,100.45,23.0,100.46,38.0,100.47,37.0,100.48,24.0,100.49,31.0,none
1704067518732,100.446,0.03,0.0423,-0.2567,100.43,22.0,100.42,11.0,100.41,30.0,100.4,16.0,100.39,18.0,100.46,21.0,100.47,14.0,100.48,59.0,100.49,38.0,100.5,32.0,none
1704067520115,100.489,0.04,0.141,-0.4123,100.47,25.0,100.46,32.0,100.45,23.0,100.44,28.0,100.43,88.0,100.51,131.0,100.52,17.0,100.53,118.0,100.54,116.0,100.55,89.0,none
1704067520994,100.4937,0.04,0.0676,-0.3978,100.47,85.0,100.46,58.0,100.45,23.0,100.44,31.0,100.43,18.0,100.51,258.0,100.52,18.0,100.53,133.0,100.54,83.0,100.55,7.0,none
1704067521984,100.4675,0.02,0.4101,0.8063,100.46,2407.0,100.45,56.0,100.44,82.0,100.43,240.0,100.42,32.0,100.48,116.0,100.49,55.0,100.5,54.0,100.51,24.0,100.52,53.0,spoofing
1704067522900,100.4739,0.05,0.0516,-0.2696,100.45,30.0,100.44,37.0,100.43,49.0,100.42,36.0,100.41,39.0,100.5,33.0,100.51,38.0,100.52,37.0,100.53,46.0,100.54,178.0,none
1704067524858,100.5014,0.1,0.076,0.3846,100.45,179.0,100.44,70.0,100.43,110.0,100.42,192.0,100.41,7.0,100.55,37.0,100.56,76.0,100.57,55.0,100.58,33.0,100.59,47.0,none
1704067525397,100.5189,0.04,0.0374,-0.0135,100.5,62.0,100.49,125.0,100.48,33.0,100.47,37.0,100.46,71.0,100.54,44.0,100.55,29.0,100.56,38.0,100.57,79.0,100.58,147.0,none
1704067527208,100.4447,0.05,0.0375,0.1673,100.42,103.0,100.41,69.0,100.4,23.0,100.39,21.0,100.38,77.0,100.47,39.0,100.48,43.0,100.49,41.0,100.5,36.0,100.51,50.0,none
1704067527838,100.4513,0.04,0.0629,0.057,100.43,25.0,100.42,57.0,100.41,105.0,100.4,38.0,100.39,53.0,100.47,59.0,100.48,51.0,100.49,46.0,100.5,28.0,100.51,64.0,none
1704067528741,100.4964,0.02,0.0722,-0.122,100.49,32.0,100.48,42.0,100.47,16.0,100.46,58.0,100.45,75.0,100.51,79.0,100.52,55.0,100.53,82.0,100.54,29.0,100.55,40.0,none
1704067530009,100.5364,0.03,0.23,0.5234,100.52,125.0,100.51,44.0,100.5,171.0,100.49,17.0,100.48,212.0,100.55,92.0,100.56,13.0,100.57,51.0,100.58,6.0,100.59,16.0,wash_trading
1704067531565,100.6017,0.02,0.074,0.1187,100.59,76.0,100.58,79.0,100.57,26.0,100.56,66.0,100.55,31.0,100.61,40.0,100.62,63.0,100.63,45.0,100.64,11.0,100.65,60.0,none
1704067531747,100.6481,0.03,0.0591,-0.1466,100.63,36.0,100.62,27.0,100.61,93.0,100.6,36.0,100.59,38.0,100.66,71.0,100.67,61.0,100.68,86.0,100.69,36.0,100.7,55.0,none
1704067531918,100.6553,0.03,0.0509,0.0916,100.64,84.0,100.63,73.0,100.62,152.0,100.61,89.0,100.6,31.0,100.67,30.0,100.68,46.0,100.69,82.0,100.7,47.0,100.71,152.0,none
1704067533909,100.6408,0.05,0.1723,-0.4703,100.62,64.0,100.61,32.0,100.6,62.0,100.59,8.0,100.58,26.0,100.67,37.0,100.68,163.0,100.69,21.0,100.7,152.0,100.71,160.0,none
1704067535251,100.6719,0.11,0.0437,0.1578,100.62,53.0,100.61,110.0,100.6,124.0,100.59,173.0,100.58,28.0,100.73,61.0,100.74,112.0,100.75,33.0,100.76,53.0,100.77,96.0,none
1704067535821,100.7243,0.05,0.1773,-0.0723,100.7,54.0,100.69,37.0,100.68,80.0,100.67,21.0,100.66,39.0,100.75,20.0,100.76,133.0,100.77,57.0,100.78,42.0,100.79,15.0,none
1704067537759,100.7133,0.03,0.0694,0.6824,100.7,533.0,100.69,552.0,100.68,569.0,100.67,532.0,100.66,542.0,100.73,70.0,100.74,38.0,100.75,48.0,100.76,97.0,100.77,262.0,layering
1704067538188,100.6502,0.02,0.0972,0.301,100.64,115.0,100.63,165.0,100.62,181.0,100.61,73.0,100.6,151.0,100.66,79.0,100.67,87.0,100.68,49.0,100.69,121.0,100.7,32.0,none
1704067539260,100.6185,0.03,0.1244,-0.1931,100.6,32.0,100.59,29.0,100.58,21.0,100.57,33.0,100.56,25.0,100.63,61.0,100.64,14.0,100.65,27.0,100.66,95.0,100.67,10.0,wash_trading
1704067540640,100.6042,0.03,0.0654,0.0451,100.59,28.0,100.58,21.0,100.57,70.0,100.56,169.0,100.55,83.0,100.62,31.0,100.63,22.0,100.64,49.0,100.65,83.0,100.66,154.0,none
1704067541916,100.6291,0.04,0.1382,-0.1388,100.61,11.0,100.6,20.0,100.59,207.0,100.58,48.0,100.57,15.0,100.65,16.0,100.66,214.0,100.67,53.0,100.68,19.0,100.69,96.0,none
1704067543567,100.6679,0.02,0.2138,0.0,100.66,53.0,100.65,33.0,100.64,65.0,100.63,46.0,100.62,85.0,100.68,37.0,100.69,69.0,100.7,34.0,100.71,103.0,100.72,39.0,none
1704067543917,100.6694,0.06,0.514,0.7124,100.64,2238.0,100.63,87.0,100.62,63.0,100.61,19.0,100.6,82.0,100.7,58.0,100.71,100.0,100.72,71.0,100.73,41.0,100.74,148.0,spoofing
1704067544281,100.6484,0.02,0.1257,-0.0606,100.64,30.0,100.63,48.0,100.62,212.0,100.61,18.0,100.6,95.0,100.66,30.0,100.67,100.0,100.68,162.0,100.69,50.0,100.7,113.0,none
1704067546194,100.6143,0.05,0.0301,-0.3368,100.59,50.0,100.58,30.0,100.57,34.0,100.56,45.0,100.55,31.0,100.64,94.0,100.65,34.0,100.66,56.0,100.67,98.0,100.68,101.0,none
1704067547213,100.5603,0.04,0.159,0.0219,100.54,62.0,100.53,50.0,100.52,68.0,100.51,16.0,100.5,61.0,100.58,38.0,100.59,90.0,100.6,39.0,100.61,58.0,100.62,21.0,none
1704067547977,100.5639,0.02,0.1092,-0.1836,100.55,34.0,100.54,21.0,100.53,79.0,100.52,31.0,100.51,24.0,100.57,25.0,100.58,84.0,100.59,67.0,100.6,85.0,100.61,13.0,none
1704067549953,100.6073,0.07,0.0738,0.1465,100.57,67.0,100.56,57.0,100.55,64.0,100.54,158.0,100.53,14.0,100.64,17.0,100.65,24.0,100.66,28.0,100.67,125.0,100.68,74.0,none
1704067551081,100.5361,0.02,0.2673,0.038,100.53,145.0,100.52,27.0,100.51,44.0,100.5,56.0,100.49,42.0,100.55,15.0,100.56,53.0,100.57,73.0,100.58,35.0,100.59,115.0,none
1704067551806,100.4943,0.05,0.078,0.791,100.47,552.0,100.46,548.0,100.45,545.0,100.44,533.0,100.43,530.0,100.52,37.0,100.53,45.0,100.54,25.0,100.55,57.0,100.56,152.0,layering
1704067552727,100.4836,0.04,0.1342,0.0907,100.46,22.0,100.45,107.0,100.44,250.0,100.43,56.0,100.42,22.0,100.5,20.0,100.51,34.0,100.52,78.0,100.53,93.0,100.54,156.0,none
1704067553049,100.4532,0.03,0.1233,0.0794,100.44,9.0,100.43,51.0,100.42,16.0,100.41,107.0,100.4,21.0,100.47,29.0,100.48,37.0,100.49,10.0,100.5,63.0,100.51,35.0,none
1704067553734,100.4635,0.04,0.3271,0.7761,100.44,1565.0,100.43,34.0,100.42,151.0,100.41,63.0,100.4,67.0,100.48,31.0,100.49,57.0,100.5,82.0,100.51,25.0,100.52,42.0,spoofing
1704067555142,100.4595,0.06,0.0704,0.2429,100.43,67.0,100.42,30.0,100.41,93.0,100.4,18.0,100.39,76.0,100.49,46.0,100.5,42.0,100.51,25.0,100.52,34.0,100.53,26.0,none
1704067556059,100.4399,0.02,0.0539,0.2305,100.43,188.0,100.42,43.0,100.41,31.0,100.4,5.0,100.39,32.0,100.45,18.0,100.46,9.0,100.47,73.0,100.48,27.0,100.49,60.0,none
1704067556556,100.4671,0.05,0.0964,-0.2014,100.44,18.0,100.43,87.0,100.42,35.0,100.41,46.0,100.4,50.0,100.49,51.0,100.5,233.0,100.51,31.0,100.52,23.0,100.53,17.0,none
1704067557855,100.4474,0.02,0.0683,0.0392,100.44,38.0,100.43,69.0,100.42,164.0,100.41,124.0,100.4,96.0,100.46,189.0,100.47,74.0,100.48,92.0,100.49,38.0,100.5,61.0,none
1704067558067,100.4627,0.13,0.0853,0.172,100.4,78.0,100.39,19.0,100.38,20.0,100.37,67.0,100.36,109.0,100.53,60.0,100.54,18.0,100.55,21.0,100.56,67.0,100.57,41.0,none
1704067559125,100.4635,0.07,0.0273,-0.4451,100.43,6.0,100.42,36.0,100.41,24.0,100.4,61.0,100.39,75.0,100.5,82.0,100.51,226.0,100.52,186.0,100.53,17.0,100.54,15.0,none
1704067559775,100.4873,0.06,0.0457,0.1812,100.46,15.0,100.45,42.0,100.44,65.0,100.43,167.0,100.42,89.0,100.52,103.0,100.53,46.0,100.54,43.0,100.55,46.0,100.56,24.0,none
1704067560889,100.4644,0.03,0.0718,-0.1621,100.45,32.0,100.44,29.0,100.43,113.0,100.42,22.0,100.41,47.0,100.48,43.0,100.49,93.0,100.5,45.0,100.51,97.0,100.52,59.0,none
1704067561586,100.4469,0.02,0.0313,0.1393,100.44,42.0,100.43,66.0,100.42,82.0,100.41,11.0,100.4,28.0,100.46,13.0,100.47,20.0,100.48,35.0,100.49,42.0,100.5,63.0,none
1704067561882,100.5174,0.02,0.0506,-0.2964,100.51,36.0,100.5,125.0,100.49,23.0,100.48,76.0,100.47,32.0,100.53,108.0,100.54,17.0,100.55,79.0,100.56,12.0,100.57,322.0,none
1704067562400,100.4713,0.08,0.1614,-0.1917,100.43,15.0,100.42,120.0,100.41,27.0,100.4,18.0,100.39,92.0,100.51,115.0,100.52,111.0,100.53,63.0,100.54,26.0,100.55,86.0,none
1704067562863,100.4816,0.02,0.1213,0.1708,100.47,30.0,100.46,113.0,100.45,234.0,100.44,42.0,100.43,119.0,100.49,35.0,100.5,71.0,100.51,50.0,100.52,176.0,100.53,49.0,none
1704067564656,100.4543,0.03,0.081,0.2572,100.44,22.0,100.43,30.0,100.42,139.0,100.41,147.0,100.4,75.0,100.47,20.0,100.48,66.0,100.49,36.0,100.5,48.0,100.51,74.0,none
1704067565514,100.4452,0.07,0.4496,0.5345,100.41,1203.0,100.4,127.0,100.39,89.0,100.38,55.0,100.37,59.0,100.48,55.0,100.49,34.0,100.5,238.0,100.51,73.0,100.52,65.0,spoofing
1704067567220,100.3724,0.03,0.0872,0.2242,100.36,132.0,100.35,166.0,100.34,8.0,100.33,178.0,100.32,43.0,100.39,74.0,100.4,18.0,100.41,154.0,100.42,39.0,100.43,49.0,none
1704067568871,100.3896,0.04,0.3419,0.6236,100.37,2131.0,100.36,54.0,100.35,43.0,100.34,52.0,100.33,45.0,100.41,58.0,100.42,270.0,100.43,14.0,100.44,91.0,100.45,106.0,spoofing
1704067569908,100.4127,0.02,0.0722,-0.0443,100.4,91.0,100.39,13.0,100.38,36.0,100.37,73.0,100.36,78.0,100.42,55.0,100.43,78.0,100.44,93.0,100.45,29.0,100.46,63.0,none
1704067570459,100.4221,0.02,0.1292,0.1654,100.41,104.0,100.4,166.0,100.39,64.0,100.38,91.0,100.37,114.0,100.43,76.0,100.44,187.0,100.45,64.0,100.46,23.0,100.47,36.0,none
1704067571857,100.4149,0.05,0.4259,0.6953,100.39,1438.0,100.38,73.0,100.37,44.0,100.36,34.0,100.35,30.0,100.44,92.0,100.45,89.0,100.46,77.0,100.47,19.0,100.48,14.0,spoofing
1704067572020,100.3973,0.03,0.5439,0.7988,100.38,1279.0,100.37,33.0,100.36,35.0,100.35,56.0,100.34,90.0,100.41,34.0,100.42,36.0,100.43,28.0,100.44,31.0,100.45,38.0,spoofing
1704067572428,100.4506,0.04,0.1103,-0.2298,100.43,9.0,100.42,34.0,100.41,25.0,100.4,42.0,100.39,81.0,100.47,86.0,100.48,49.0,100.49,20.0,100.5,135.0,100.51,15.0,none
1704067572639,100.4678,0.1,0.4324,0.5732,100.42,1864.0,100.41,47.0,100.4,127.0,100.39,105.0,100.38,76.0,100.52,154.0,100.53,99.0,100.54,140.0,100.55,59.0,100.56,150.0,spoofing
1704067573272,100.4457,0.03,0.3692,0.4882,100.43,1317.0,100.42,58.0,100.41,70.0,100.4,97.0,100.39,37.0,100.46,31.0,100.47,275.0,100.48,25.0,100.49,197.0,100.5,15.0,spoofing
1704067573871,100.402,0.04,0.0766,0.1811,100.38,54.0,100.37,48.0,100.36,227.0,100.35,85.0,100.34,98.0,100.42,44.0,100.43,105.0,100.44,45.0,100.45,84.0,100.46,77.0,none
1704067575836,100.434,0.05,0.0485,0.0759,100.41,78.0,100.4,42.0,100.39,47.0,100.38,122.0,100.37,37.0,100.46,53.0,100.47,29.0,100.48,63.0,100.49,91.0,100.5,44.0,none
1704067576749,100.4283,0.11,0.3051,-0.1256,100.37,57.0,100.36,43.0,100.35,44.0,100.34,36.0,100.33,116.0,100.48,65.0,100.49,139.0,100.5,106.0,100.51,38.0,100.52,33.0,none
1704067577908,100.4327,0.02,0.0523,0.1648,100.42,94.0,100.41,53.0,100.4,91.0,100.39,32.0,100.38,94.0,100.44,38.0,100.45,110.0,100.46,15.0,100.47,37.0,100.48,61.0,none
1704067578062,100.4158,0.05,0.0316,-0.3253,100.39,39.0,100.38,35.0,100.37,114.0,100.36,13.0,100.35,24.0,100.44,37.0,100.45,76.0,100.46,135.0,100.47,144.0,100.48,50.0,none
1704067579862,100.421,0.05,0.2969,-0.0516,100.4,37.0,100.39,118.0,100.38,90.0,100.37,141.0,100.36,37.0,100.45,128.0,100.46,56.0,100.47,47.0,100.48,157.0,100.49,81.0,none
1704067581416,100.5213,0.04,0.0323,-0.0343,100.5,54.0,100.49,89.0,100.48,47.0,100.47,11.0,100.46,38.0,100.54,101.0,100.55,10.0,100.56,56.0,100.57,22.0,100.58,67.0,none
1704067582835,100.4908,0.02,0.6129,0.4727,100.48,963.0,100.47,15.0,100.46,16.0,100.45,109.0,100.44,84.0,100.5,111.0,100.51,49.0,100.52,94.0,100.53,97.0,100.54,74.0,spoofing
1704067584153,100.5068,0.05,0.1017,0.2511,100.48,60.0,100.47,64.0,100.46,250.0,100.45,20.0,100.44,22.0,100.53,47.0,100.54,53.0,100.55,55.0,100.56,27.0,100.57,67.0,none
1704067585836,100.4377,0.02,0.1865,-0.1591,100.43,39.0,100.42,48.0,100.41,31.0,100.4,88.0,100.39,53.0,100.45,38.0,100.46,28.0,100.47,60.0,100.48,51.0,100.49,180.0,none
1704067586211,100.4574,0.06,0.0372,0.7783,100.43,437.0,100.42,454.0,100.41,441.0,100.4,448.0,100.39,442.0,100.49,41.0,100.5,78.0,100.51,110.0,100.52,17.0,100.53,31.0,layering
1704067586952,100.4494,0.04,0.0344,0.0914,100.43,98.0,100.42,121.0,100.41,128.0,100.4,76.0,100.39,7.0,100.47,86.0,100.48,24.0,100.49,20.0,100.5,191.0,100.51,37.0,none
1704067587249,100.4549,0.05,0.0353,0.0655,100.43,76.0,100.42,16.0,100.41,98.0,100.4,56.0,100.39,120.0,100.48,17.0,100.49,60.0,100.5,68.0,100.51,148.0,100.52,28.0,none
1704067588899,100.4388,0.04,0.1549,0.0039,100.42,67.0,100.41,112.0,100.4,103.0,100.39,14.0,100.38,90.0,100.46,39.0,100.47,104.0,100.48,96.0,100.49,109.0,100.5,35.0,none
1704067589642,100.3867,0.07,0.1033,-0.2832,100.35,35.0,100.34,21.0,100.33,35.0,100.32,93.0,100.31,40.0,100.42,111.0,100.43,14.0,100.44,86.0,100.45,49.0,100.46,141.0,none
1704067591216,100.3579,0.06,0.0465,-0.3966,100.33,50.0,100.32,82.0,100.31,50.0,100.3,23.0,100.29,24.0,100.39,26.0,100.4,95.0,100.41,187.0,100.42,46.0,100.43,176.0,none
1704067592396,100.3565,0.02,0.121,-0.0291,100.35,17.0,100.34,36.0,100.33,34.0,100.32,69.0,100.31,111.0,100.37,81.0,100.38,31.0,100.39,120.0,100.4,32.0,100.41,19.0,none
1704067592935,100.3459,0.05,0.4877,-0.1489,100.32,16.0,100.31,21.0,100.3,122.0,100.29,226.0,100.28,35.0,100.37,88.0,100.38,55.0,100.39,179.0,100.4,139.0,100.41,106.0,none
1704067593834,100.3471,0.05,0.1441,-0.0438,100.32,110.0,100.31,22.0,100.3,45.0,100.29,52.0,100.28,66.0,100.37,60.0,100.38,45.0,100.39,43.0,100.4,134.0,100.41,40.0,none
1704067594453,100.3281,0.02,0.1449,-0.1286,100.32,24.0,100.31,110.0,100.3,110.0,100.29,29.0,100.28,42.0,100.34,29.0,100.35,207.0,100.36,115.0,100.37,30.0,100.38,27.0,none
1704067595205,100.3308,0.02,0.0426,0.0491,100.32,49.0,100.31,15.0,100.3,263.0,100.29,340.0,100.28,17.0,100.34,152.0,100.35,289.0,100.36,60.0,100.37,43.0,100.38,76.0,none
1704067597137,100.3236,0.02,0.0564,0.1571,100.31,17.0,100.3,53.0,100.29,107.0,100.28,196.0,100.27,69.0,100.33,30.0,100.34,57.0,100.35,109.0,100.36,62.0,100.37,64.0,none
1704067597344,100.2812,0.04,0.0306,-0.0341,100.26,20.0,100.25,83.0,100.24,46.0,100.23,103.0,100.22,17.0,100.3,45.0,100.31,97.0,100.32,16.0,100.33,79.0,100.34,51.0,none
1704067598193,100.2929,0.02,0.0502,0.2621,100.28,100.0,100.27,42.0,100.26,235.0,100.25,117.0,100.24,2.0,100.3,55.0,100.31,9.0,100.32,52.0,100.33,133.0,100.34,41.0,none
1704067599638,100.2852,0.02,0.1438,0.3575,100.28,90.0,100.27,149.0,100.26,83.0,100.25,95.0,100.24,88.0,100.3,57.0,100.31,20.0,100.32,48.0,100.33,67.0,100.34,47.0,none
1704067600300,100.2471,0.03,0.081,0.1981,100.23,44.0,100.22,177.0,100.21,40.0,100.2,64.0,100.19,47.0,100.26,25.0,100.27,18.0,100.28,110.0,100.29,46.0,100.3,50.0,none
1704067601120,100.2692,0.04,0.1395,-0.1192,100.25,58.0,100.24,31.0,100.23,61.0,100.22,71.0,100.21,45.0,100.29,61.0,100.3,27.0,100.31,101.0,100.32,34.0,100.33,115.0,none
1704067602504,100.2565,0.05,0.0245,-0.4409,100.23,75.0,100.22,40.0,100.21,41.0,100.2,28.0,100.19,36.0,100.28,56.0,100.29,243.0,100.3,98.0,100.31,34.0,100.32,136.0,none
1704067602851,100.2378,0.07,0.0741,0.1457,100.2,50.0,100.19,103.0,100.18,51.0,100.17,77.0,100.16,65.0,100.27,15.0,100.28,54.0,100.29,48.0,100.3,32.0,100.31,109.0,none
1704067603475,100.2164,0.02,0.0585,-0.1092,100.21,53.0,100.2,49.0,100.19,106.0,100.18,139.0,100.17,61.0,100.23,19.0,100.24,17.0,100.25,116.0,100.26,273.0,100.27,83.0,none
1704067604646,100.238,0.02,0.1114,0.0556,100.23,117.0,100.22,49.0,100.21,100.0,100.2,113.0,100.19,29.0,100.25,28.0,100.26,36.0,100.27,59.0,100.28,77.0,100.29,165.0,none
1704067605838,100.2385,0.02,0.131,0.0353,100.23,30.0,100.22,157.0,100.21,82.0,100.2,78.0,100.19,122.0,100.25,70.0,100.26,44.0,100.27,37.0,100.28,184.0,100.29,102.0,none
1704067606862,100.1994,0.02,0.0323,0.6257,100.19,293.0,100.18,304.0,100.17,293.0,100.16,306.0,100.15,298.0,100.21,56.0,100.22,48.0,100.23,59.0,100.24,27.0,100.25,154.0,layering
1704067607725,100.1385,0.08,0.1281,-0.1175,100.1,28.0,100.09,27.0,100.08,42.0,100.07,218.0,100.06,53.0,100.18,132.0,100.19,51.0,100.2,78.0,100.21,184.0,100.22,21.0,none
1704067608671,100.1383,0.04,0.056,0.0826,100.12,12.0,100.11,19.0,100.1,40.0,100.09,89.0,100.08,76.0,100.16,37.0,100.17,9.0,100.18,45.0,100.19,72.0,100.2,37.0,none
1704067609161,100.1793,0.03,0.0334,0.3741,100.16,165.0,100.15,45.0,100.14,195.0,100.13,348.0,100.12,33.0,100.19,72.0,100.2,93.0,100.21,29.0,100.22,104.0,100.23,60.0,none
1704067609965,100.2036,0.03,0.1036,0.3412,100.19,176.0,100.18,81.0,100.17,30.0,100.16,85.0,100.15,196.0,100.22,33.0,100.23,53.0,100.24,97.0,100.25,64.0,100.26,32.0,none
1704067610310,100.2219,0.02,0.0501,0.2029,100.21,148.0,100.2,93.0,100.19,66.0,100.18,81.0,100.17,33.0,100.23,197.0,100.24,46.0,100.25,15.0,100.26,11.0,100.27,10.0,none
1704067611922,100.2311,0.02,0.0679,-0.1103,100.22,54.0,100.21,48.0,100.2,242.0,100.19,49.0,100.18,115.0,100.24,84.0,100.25,459.0,100.26,34.0,100.27,28.0,100.28,29.0,none
1704067612848,100.2151,0.07,0.1128,0.1908,100.18,48.0,100.17,40.0,100.16,11.0,100.15,63.0,100.14,303.0,100.25,77.0,100.26,32.0,100.27,152.0,100.28,42.0,100.29,13.0,wash_trading
1704067614263,100.231,0.03,0.1315,0.0501,100.22,119.0,100.21,41.0,100.2,18.0,100.19,30.0,100.18,33.0,100.25,23.0,100.26,15.0,100.27,60.0,100.28,14.0,100.29,106.0,none
1704067615310,100.2289,0.02,0.0328,0.5123,100.22,226.0,100.21,242.0,100.2,259.0,100.19,233.0,100.18,268.0,100.24,28.0,100.25,26.0,100.26,51.0,100.27,217.0,100.28,74.0,layering
1704067615736,100.2385,0.04,0.1231,0.267,100.22,97.0,100.21,44.0,100.2,22.0,100.19,155.0,100.18,166.0,100.26,42.0,100.27,40.0,100.28,73.0,100.29,39.0,100.3,86.0,none
1704067617155,100.2434,0.03,0.2088,-0.4774,100.23,22.0,100.22,31.0,100.21,81.0,100.2,37.0,100.19,31.0,100.26,228.0,100.27,38.0,100.28,40.0,100.29,42.0,100.3,223.0,none
1704067619126,100.3741,0.03,0.0816,0.022,100.36,19.0,100.35,64.0,100.34,102.0,100.33,25.0,100.32,46.0,100.39,38.0,100.4,143.0,100.41,37.0,100.42,11.0,100.43,16.0,none
1704067619468,100.3379,0.03,0.0893,0.2709,100.32,18.0,100.31,39.0,100.3,207.0,100.29,77.0,100.28,32.0,100.35,43.0,100.36,36.0,100.37,66.0,100.38,22.0,100.39,47.0,none
1704067620523,100.3446,0.03,0.4006,0.8174,100.33,1922.0,100.32,67.0,100.31,123.0,100.3,203.0,100.29,113.0,100.36,13.0,100.37,34.0,100.38,20.0,100.39,108.0,100.4,69.0,spoofing
1704067622436,100.2908,0.06,0.0359,-0.2026,100.26,54.0,100.25,34.0,100.24,138.0,100.23,24.0,100.22,53.0,100.32,184.0,100.33,23.0,100.34,87.0,100.35,53.0,100.36,110.0,none
1704067623308,100.2416,0.04,0.0594,-0.1781,100.22,46.0,100.21,98.0,100.2,101.0,100.19,62.0,100.18,23.0,100.26,8.0,100.27,143.0,100.28,29.0,100.29,131.0,100.3,162.0,none
1704067624188,100.2541,0.05,0.194,-0.0664,100.23,34.0,100.22,4.0,100.21,48.0,100.2,39.0,100.19,72.0,100.28,16.0,100.29,37.0,100.3,56.0,100.31,64.0,100.32,52.0,wash_trading
1704067624521,100.3025,0.03,0.0194,0.0811,100.29,58.0,100.28,28.0,100.27,43.0,100.26,90.0,100.25,61.0,100.32,33.0,100.33,14.0,100.34,133.0,100.35,43.0,100.36,15.0,none
1704067625024,100.2716,0.08,0.0478,0.7256,100.23,436.0,100.22,414.0,100.21,414.0,100.2,451.0,100.19,429.0,100.31,74.0,100.32,42.0,100.33,62.0,100.34,114.0,100.35,49.0,layering
1704067626110,100.302,0.02,0.0724,0.2577,100.29,45.0,100.28,57.0,100.27,27.0,100.26,79.0,100.25,280.0,100.31,52.0,100.32,73.0,100.33,11.0,100.34,87.0,100.35,65.0,none
1704067627770,100.2848,0.05,0.0684,0.1972,100.26,66.0,100.25,56.0,100.24,67.0,100.23,19.0,100.22,138.0,100.31,27.0,100.32,39.0,100.33,36.0,100.34,65.0,100.35,65.0,none
1704067628764,100.2923,0.02,0.1584,0.7107,100.28,43.0,100.27,439.0,100.26,33.0,100.25,172.0,100.24,58.0,100.3,14.0,100.31,20.0,100.32,57.0,100.33,18.0,100.34,17.0,none
1704067629716,100.3025,0.05,0.4408,-0.1804,100.28,113.0,100.27,101.0,100.26,128.0,100.25,106.0,100.24,20.0,100.33,64.0,100.34,231.0,100.35,24.0,100.36,185.0,100.37,170.0,none
1704067631044,100.2477,0.02,0.3358,0.7201,100.24,2404.0,100.23,32.0,100.22,26.0,100.21,27.0,100.2,18.0,100.26,147.0,100.27,65.0,100.28,45.0,100.29,61.0,100.3,90.0,spoofing
1704067631909,100.2119,0.03,0.3813,-0.3912,100.2,33.0,100.19,109.0,100.18,19.0,100.17,49.0,100.16,46.0,100.23,27.0,100.24,83.0,100.25,41.0,100.26,110.0,100.27,324.0,none
1704067632103,100.2139,0.03,0.0376,-0.1628,100.2,74.0,100.19,186.0,100.18,46.0,100.17,33.0,100.16,21.0,100.23,187.0,100.24,35.0,100.25,44.0,100.26,84.0,100.27,150.0,none
1704067633355,100.227,0.05,0.0734,0.1159,100.2,62.0,100.19,26.0,100.18,28.0,100.17,55.0,100.16,195.0,100.25,132.0,100.26,46.0,100.27,23.0,100.28,71.0,100.29,18.0,none
1704067634319,100.2443,0.04,0.3683,0.2883,100.22,931.0,100.21,95.0,100.2,134.0,100.19,289.0,100.18,37.0,100.26,417.0,100.27,77.0,100.28,17.0,100.29,114.0,100.3,196.0,spoofing
1704067635800,100.2564,0.03,0.0493,-0.0269,100.24,66.0,100.23,28.0,100.22,16.0,100.21,35.0,100.2,54.0,100.27,70.0,100.28,58.0,100.29,18.0,100.3,55.0,100.31,9.0,none
1704067637407,100.5378,0.04,0.3077,0.4383,100.52,1316.0,100.51,72.0,100.5,32.0,100.49,135.0,100.48,58.0,100.56,54.0,100.57,342.0,100.58,138.0,100.59,26.0,100.6,70.0,spoofing
1704067638097,100.5272,0.04,0.1311,0.2586,100.51,36.0,100.5,304.0,100.49,49.0,100.48,68.0,100.47,144.0,100.55,113.0,100.56,75.0,100.57,76.0,100.58,61.0,100.59,29.0,none
1704067638969,100.5654,0.02,0.0676,-0.4886,100.56,77.0,100.55,38.0,100.54,32.0,100.53,64.0,100.52,36.0,100.58,57.0,100.59,172.0,100.6,43.0,100.61,74.0,100.62,373.0,none
1704067640494,100.5475,0.03,0.1262,0.5477,100.53,37.0,100.52,147.0,100.51,105.0,100.5,89.0,100.49,60.0,100.56,21.0,100.57,36.0,100.58,36.0,100.59,9.0,100.6,26.0,none
1704067641459,100.6091,0.02,0.0661,0.5305,100.6,308.0,100.59,284.0,100.58,299.0,100.57,309.0,100.56,303.0,100.62,32.0,100.63,225.0,100.64,26.0,100.65,50.0,100.66,128.0,layering
1704067643310,100.6015,0.02,0.2013,-0.2135,100.59,8.0,100.58,21.0,100.57,170.0,100.56,57.0,100.55,175.0,100.61,182.0,100.62,119.0,100.63,252.0,100.64,82.0,100.65,30.0,none
1704067644979,100.5703,0.04,0.0854,0.2422,100.55,38.0,100.54,50.0,100.53,96.0,100.52,35.0,100.51,58.0,100.59,20.0,100.6,18.0,100.61,23.0,100.62,32.0,100.63,76.0,none
1704067646875,100.5994,0.08,0.0385,0.4743,100.56,83.0,100.55,621.0,100.54,153.0,100.53,279.0,100.52,42.0,100.64,40.0,100.65,37.0,100.66,56.0,100.67,215.0,100.68,72.0,none
1704067648135,100.5668,0.05,0.087,0.0972,100.54,46.0,100.53,15.0,100.52,120.0,100.51,59.0,100.5,155.0,100.59,90.0,100.6,91.0,100.61,12.0,100.62,16.0,100.63,116.0,none
1704067649642,100.5938,0.05,0.0566,-0.0164,100.57,42.0,100.56,117.0,100.55,86.0,100.54,129.0,100.53,46.0,100.62,93.0,100.63,115.0,100.64,30.0,100.65,120.0,100.66,76.0,none
1704067651380,100.6063,0.09,0.069,0.5327,100.56,251.0,100.55,247.0,100.54,240.0,100.53,246.0,100.52,236.0,100.65,96.0,100.66,55.0,100.67,82.0,100.68,73.0,100.69,66.0,layering
1704067653116,100.5584,0.04,0.3255,0.6465,100.54,2006.0,100.53,41.0,100.52,44.0,100.51,48.0,100.5,106.0,100.58,44.0,100.59,104.0,100.6,39.0,100.61,167.0,100.62,128.0,spoofing
1704067653996,100.5543,0.05,0.0891,0.0497,100.53,117.0,100.52,59.0,100.51,30.0,100.5,151.0,100.49,55.0,100.58,51.0,100.59,65.0,100.6,17.0,100.61,211.0,100.62,29.0,none
1704067655924,100.5428,0.02,0.0348,0.1636,100.53,44.0,100.52,70.0,100.51,47.0,100.5,57.0,100.49,31.0,100.55,45.0,100.56,43.0,100.57,43.0,100.58,19.0,100.59,29.0,none
1704067657787,100.5224,0.02,0.0205,0.3155,100.51,207.0,100.5,35.0,100.49,82.0,100.48,52.0,100.47,116.0,100.53,72.0,100.54,52.0,100.55,40.0,100.56,50.0,100.57,42.0,none
1704067658303,100.4814,0.06,0.1936,-0.0269,100.45,47.0,100.44,55.0,100.43,147.0,100.42,31.0,100.41,136.0,100.51,168.0,100.52,85.0,100.53,41.0,100.54,81.0,100.55,64.0,none
1704067658851,100.4842,0.07,0.4839,0.7093,100.45,1887.0,100.44,52.0,100.43,29.0,100.42,13.0,100.41,89.0,100.52,38.0,100.53,101.0,100.54,57.0,100.55,135.0,100.56,21.0,spoofing
1704067659789,100.4995,0.04,0.2928,0.6329,100.48,1315.0,100.47,12.0,100.46,26.0,100.45,32.0,100.44,16.0,100.52,67.0,100.53,100.0,100.54,23.0,100.55,64.0,100.56,61.0,spoofing
1704067660536,100.4926,0.1,0.0536,-0.0653,100.44,51.0,100.43,181.0,100.42,47.0,100.41,131.0,100.4,120.0,100.54,17.0,100.55,186.0,100.56,31.0,100.57,204.0,100.58,166.0,none
1704067661263,100.5079,0.05,0.1272,0.0502,100.48,32.0,100.47,36.0,100.46,80.0,100.45,17.0,100.44,86.0,100.53,47.0,100.54,60.0,100.55,67.0,100.56,40.0,100.57,13.0,none
1704067662084,100.5216,0.04,0.0699,0.73,100.5,401.0,100.49,421.0,100.48,398.0,100.47,406.0,100.46,405.0,100.54,31.0,100.55,104.0,100.56,24.0,100.57,115.0,100.58,43.0,layering
1704067664081,100.4451,0.07,0.1566,0.2475,100.41,42.0,100.4,21.0,100.39,20.0,100.38,42.0,100.37,59.0,100.48,25.0,100.49,6.0,100.5,31.0,100.51,7.0,100.52,42.0,none
1704067665907,100.4855,0.03,0.032,0.2148,100.47,61.0,100.46,18.0,100.45,64.0,100.44,166.0,100.43,231.0,100.5,57.0,100.51,149.0,100.52,40.0,100.53,43.0,100.54,60.0,none
1704067667605,100.4534,0.05,0.069,-0.1429,100.43,86.0,100.42,38.0,100.41,25.0,100.4,18.0,100.39,31.0,100.48,73.0,100.49,95.0,100.5,19.0,100.51,31.0,100.52,46.0,none
1704067668549,100.4769,0.06,0.0764,0.1367,100.45,166.0,100.44,112.0,100.43,65.0,100.42,27.0,100.41,25.0,100.51,140.0,100.52,73.0,100.53,17.0,100.54,49.0,100.55,21.0,none
1704067670397,100.4831,0.04,0.0655,0.6606,100.46,300.0,100.45,300.0,100.44,282.0,100.43,286.0,100.42,300.0,100.5,83.0,100.51,44.0,100.52,70.0,100.53,51.0,100.54,52.0,layering
1704067670822,100.4635,0.07,0.1811,-0.163,100.43,113.0,100.42,14.0,100.41,39.0,100.4,45.0,100.39,38.0,100.5,42.0,100.51,44.0,100.52,33.0,100.53,204.0,100.54,23.0,none
1704067672398,100.4497,0.04,0.1017,-0.1099,100.43,45.0,100.42,67.0,100.41,21.0,100.4,97.0,100.39,86.0,100.47,42.0,100.48,81.0,100.49,149.0,100.5,18.0,100.51,104.0,none
1704067673559,100.5143,0.02,0.2448,0.2313,100.5,83.0,100.49,141.0,100.48,66.0,100.47,73.0,100.46,7.0,100.52,37.0,100.53,16.0,100.54,65.0,100.55,76.0,100.56,37.0,none
1704067673986,100.5574,0.02,0.0924,-0.6249,100.55,22.0,100.54,23.0,100.53,43.0,100.52,45.0,100.51,24.0,100.57,45.0,100.58,25.0,100.59,271.0,100.6,270.0,100.61,69.0,none
1704067674367,100.5132,0.03,0.0513,-0.3327,100.5,93.0,100.49,129.0,100.48,12.0,100.47,12.0,100.46,96.0,100.53,427.0,100.54,20.0,100.55,78.0,100.56,34.0,100.57,124.0,none
1704067674467,100.5498,0.04,0.1182,0.2907,100.53,86.0,100.52,38.0,100.51,60.0,100.5,21.0,100.49,330.0,100.57,89.0,100.58,70.0,100.59,46.0,100.6,43.0,100.61,46.0,wash_trading
1704067674613,100.5179,0.02,0.0329,0.263,100.51,87.0,100.5,25.0,100.49,140.0,100.48,45.0,100.47,80.0,100.53,29.0,100.54,57.0,100.55,38.0,100.56,69.0,100.57,27.0,none
1704067675135,100.5362,0.03,0.161,-0.4454,100.52,41.0,100.51,14.0,100.5,25.0,100.49,82.0,100.48,31.0,100.55,171.0,100.56,142.0,100.57,83.0,100.58,81.0,100.59,26.0,none
1704067675467,100.5356,0.03,0.0524,-0.2245,100.52,96.0,100.51,51.0,100.5,153.0,100.49,38.0,100.48,61.0,100.55,50.0,100.56,387.0,100.57,68.0,100.58,74.0,100.59,51.0,none
1704067676993,100.5227,0.02,0.16,0.7546,100.51,469.0,100.5,448.0,100.49,462.0,100.48,463.0,100.47,446.0,100.53,46.0,100.54,10.0,100.55,76.0,100.56,25.0,100.57,163.0,layering
1704067678069,100.5627,0.03,0.0404,-0.1464,100.55,66.0,100.54,11.0,100.53,31.0,100.52,44.0,100.51,55.0,100.58,11.0,100.59,218.0,100.6,30.0,100.61,8.0,100.62,11.0,wash_trading
1704067680038,100.5402,0.06,0.1665,0.1588,100.51,37.0,100.5,56.0,100.49,61.0,100.48,98.0,100.47,80.0,100.57,63.0,100.58,67.0,100.59,24.0,100.6,33.0,100.61,54.0,none
1704067681648,100.5483,0.07,0.2491,0.5054,100.51,399.0,100.5,384.0,100.49,373.0,100.48,394.0,100.47,407.0,100.58,32.0,100.59,244.0,100.6,67.0,100.61,283.0,100.62,17.0,layering
1704067682953,100.5496,0.02,0.0785,0.0267,100.54,26.0,100.53,123.0,100.52,34.0,100.51,14.0,100.5,72.0,100.56,59.0,100.57,46.0,100.58,38.0,100.59,86.0,100.6,26.0,wash_trading
1704067683754,100.5338,0.03,0.168,0.2885,100.52,16.0,100.51,350.0,100.5,236.0,100.49,80.0,100.48,17.0,100.55,37.0,100.56,68.0,100.57,73.0,100.58,59.0,100.59,149.0,none
1704067684012,100.524,0.03,0.0922,0.2223,100.51,486.0,100.5,11.0,100.49,39.0,100.48,84.0,100.47,103.0,100.54,80.0,100.55,77.0,100.56,48.0,100.57,62.0,100.58,193.0,none
1704067685949,100.5291,0.04,0.0671,-0.1717,100.51,229.0,100.5,18.0,100.49,33.0,100.48,36.0,100.47,53.0,100.55,125.0,100.56,102.0,100.57,103.0,100.58,132.0,100.59,60.0,none
1704067687460,100.4977,0.12,0.0761,-0.2482,100.44,59.0,100.43,37.0,100.42,25.0,100.41,19.0,100.4,13.0,100.56,11.0,100.57,17.0,100.58,54.0,100.59,48.0,100.6,124.0,none
1704067688016,100.5165,0.03,0.1594,0.04,100.5,19.0,100.49,180.0,100.48,50.0,100.47,41.0,100.46,22.0,100.53,149.0,100.54,8.0,100.55,68.0,100.56,31.0,100.57,32.0,none
1704067689672,100.5192,0.03,0.1197,0.0134,100.5,19.0,100.49,199.0,100.48,95.0,100.47,39.0,100.46,27.0,100.53,69.0,100.54,68.0,100.55,82.0,100.56,64.0,100.57,86.0,none
1704067690853,100.5345,0.02,0.0635,-0.0647,100.52,51.0,100.51,62.0,100.5,30.0,100.49,81.0,100.48,29.0,100.54,69.0,100.55,56.0,100.56,13.0,100.57,88.0,100.58,62.0,none
1704067692838,100.6199,0.04,0.0779,0.1946,100.6,272.0,100.59,23.0,100.58,73.0,100.57,47.0,100.56,24.0,100.64,75.0,100.65,67.0,100.66,40.0,100.67,106.0,100.68,8.0,none
1704067693792,100.5692,0.02,0.0844,0.2534,100.56,74.0,100.55,62.0,100.54,52.0,100.53,107.0,100.52,400.0,100.58,23.0,100.59,310.0,100.6,25.0,100.61,42.0,100.62,14.0,none
1704067694967,100.6038,0.05,0.066,-0.4776,100.58,36.0,100.57,71.0,100.56,41.0,100.55,19.0,100.54,37.0,100.63,347.0,100.64,83.0,100.65,34.0,100.66,52.0,100.67,61.0,none
1704067695695,100.5816,0.06,0.0974,0.139,100.55,96.0,100.54,115.0,100.53,36.0,100.52,11.0,100.51,119.0,100.61,14.0,100.62,15.0,100.63,106.0,100.64,45.0,100.65,105.0,none
1704067696511,100.5657,0.02,0.1114,0.4009,100.56,60.0,100.55,183.0,100.54,31.0,100.53,178.0,100.52,32.0,100.58,12.0,100.59,75.0,100.6,87.0,100.61,20.0,100.62,13.0,none
1704067697952,100.5826,0.03,0.3927,0.6234,100.57,1313.0,100.56,32.0,100.55,41.0,100.54,41.0,100.53,43.0,100.6,72.0,100.61,80.0,100.62,20.0,100.63,25.0,100.64,144.0,spoofing
1704067699388,100.5639,0.04,0.1476,0.2652,100.54,53.0,100.53,178.0,100.52,36.0,100.51,56.0,100.5,73.0,100.58,35.0,100.59,29.0,100.6,48.0,100.61,60.0,100.62,58.0,none
1704067699516,100.5565,0.02,0.0776,-0.095,100.55,35.0,100.54,48.0,100.53,55.0,100.52,38.0,100.51,67.0,100.57,58.0,100.58,34.0,100.59,72.0,100.6,102.0,100.61,28.0,none
1704067700203,100.5923,0.04,0.0689,-0.0707,100.57,37.0,100.56,54.0,100.55,30.0,100.54,47.0,100.53,220.0,100.61,83.0,100.62,58.0,100.63,69.0,100.64,45.0,100.65,192.0,none
1704067700681,100.6275,0.08,0.0555,0.0998,100.59,18.0,100.58,34.0,100.57,119.0,100.56,112.0,100.55,31.0,100.67,75.0,100.68,48.0,100.69,34.0,100.7,24.0,100.71,76.0,none
1704067700892,100.6191,0.04,0.1072,0.1825,100.6,40.0,100.59,136.0,100.58,194.0,100.57,43.0,100.56,47.0,100.64,51.0,100.65,14.0,100.66,47.0,100.67,96.0,100.68,110.0,none
1704067701387,100.6208,0.04,0.0698,0.0468,100.6,78.0,100.59,12.0,100.58,19.0,100.57,41.0,100.56,96.0,100.64,25.0,100.65,44.0,100.66,86.0,100.67,61.0,100.68,8.0,none
1704067702784,100.6559,0.07,0.1552,0.7174,100.62,545.0,100.61,524.0,100.6,537.0,100.59,538.0,100.58,536.0,100.69,93.0,100.7,32.0,100.71,110.0,100.72,73.0,100.73,133.0,layering
1704067703175,100.621,0.06,0.0734,-0.08,100.59,129.0,100.58,347.0,100.57,46.0,100.56,57.0,100.55,71.0,100.65,135.0,100.66,47.0,100.67,31.0,100.68,505.0,100.69,45.0,none
1704067703798,100.607,0.02,0.0303,0.5117,100.6,94.0,100.59,343.0,100.58,89.0,100.57,28.0,100.56,93.0,100.62,41.0,100.63,43.0,100.64,55.0,100.65,33.0,100.66,37.0,none
1704067705392,100.5897,0.04,0.3305,-0.0526,100.57,213.0,100.56,121.0,100.55,64.0,100.54,42.0,100.53,46.0,100.61,24.0,100.62,176.0,100.63,67.0,100.64,36.0,100.65,237.0,none
1704067706635,100.6017,0.02,0.0398,0.0442,100.59,20.0,100.58,78.0,100.57,121.0,100.56,98.0,100.55,73.0,100.61,27.0,100.62,151.0,100.63,132.0,100.64,27.0,100.65,20.0,none
1704067708191,100.6176,0.03,0.095,-0.1716,100.6,50.0,100.59,63.0,100.58,47.0,100.57,33.0,100.56,46.0,100.63,66.0,100.64,61.0,100.65,102.0,100.66,61.0,100.67,48.0,none
1704067709438,100.6224,0.04,0.0487,0.327,100.6,61.0,100.59,85.0,100.58,274.0,100.57,28.0,100.56,43.0,100.64,26.0,100.65,81.0,100.66,25.0,100.67,75.0,100.68,42.0,none
1704067710074,100.6099,0.02,0.0385,0.2213,100.6,85.0,100.59,101.0,100.58,104.0,100.57,27.0,100.56,61.0,100.62,24.0,100.63,32.0,100.64,58.0,100.65,38.0,100.66,89.0,none
